i,0,1,2,3,4,5,6,7,8,9,10,11,12,13,14,15,16,17,18,19,20,21,22,23,24,25
0,FP,FP,TN,TN,TN,TN,TN,TN,TN,TN,TN,TN,TN,TN,TN,TN,TN,TN,TN,TN,TN,TN,TN,TN,TN,TN
1,FP,FP,TN,TN,TN,TN,TN,TN,TN,TN,TN,TN,TN,TN,TN,TN,TN,TN,TN,TN,TN,TN,TN,TN,TN,TN
2,TP,TP,TP,TP,TP,TP,TP,TP,TP,TP,TP,TP,FN,FN,FN,FN,FN,FN,FN,FN,FN,FN,FN,FN,FN,FN
3,FP,FP,TN,TN,TN,TN,TN,TN,TN,TN,TN,TN,TN,TN,TN,TN,TN,TN,TN,TN,TN,TN,TN,TN,TN,TN
4,TP,TP,TP,TP,TP,TP,TP,TP,TP,TP,TP,TP,TP,TP,TP,TP,TP,TP,TP,TP,FN,FN,FN,FN,FN,FN
5,TP,TP,TP,TP,TP,TP,TP,TP,TP,TP,TP,TP,FN,FN,FN,FN,FN,FN,FN,FN,FN,FN,FN,FN,FN,FN
6,FP,FP,TN,TN,TN,TN,TN,TN,TN,TN,TN,TN,TN,TN,TN,TN,TN,TN,TN,TN,TN,TN,TN,TN,TN,TN
7,FP,FP,TN,TN,TN,TN,TN,TN,TN,TN,TN,TN,TN,TN,TN,TN,TN,TN,TN,TN,TN,TN,TN,TN,TN,TN
8,FP,FP,FP,TN,TN,TN,TN,TN,TN,TN,TN,TN,TN,TN,TN,TN,TN,TN,TN,TN,TN,TN,TN,TN,TN,TN
9,FP,FP,FP,TN,TN,TN,TN,TN,TN,TN,TN,TN,TN,TN,TN,TN,TN,TN,TN,TN,TN,TN,TN,TN,TN,TN
10,FP,FP,TN,TN,TN,TN,TN,TN,TN,TN,TN,TN,TN,TN,TN,TN,TN,TN,TN,TN,TN,TN,TN,TN,TN,TN
11,TP,TP,TP,TP,TP,TP,TP,TP,TP,TP,TP,TP,TP,TP,TP,TP,TP,TP,TP,TP,TP,TP,TP,TP,TP,FN
12,FP,FP,FP,TN,TN,TN,TN,TN,TN,TN,TN,TN,TN,TN,TN,TN,TN,TN,TN,TN,TN,TN,TN,TN,TN,TN
13,FP,FP,TN,TN,TN,TN,TN,TN,TN,TN,TN,TN,TN,TN,TN,TN,TN,TN,TN,TN,TN,TN,TN,TN,TN,TN
14,TP,TP,TP,TP,TP,TP,TP,TP,TP,TP,TP,TP,FN,FN,FN,FN,FN,FN,FN,FN,FN,FN,FN,FN,FN,FN
15,FP,FP,FP,TN,TN,TN,TN,TN,TN,TN,TN,TN,TN,TN,TN,TN,TN,TN,TN,TN,TN,TN,TN,TN,TN,TN
16,FP,FP,FP,TN,TN,TN,TN,TN,TN,TN,TN,TN,TN,TN,TN,TN,TN,TN,TN,TN,TN,TN,TN,TN,TN,TN
17,FP,FP,TN,TN,TN,TN,TN,TN,TN,TN,TN,TN,TN,TN,TN,TN,TN,TN,TN,TN,TN,TN,TN,TN,TN,TN
18,TP,TP,TP,TP,TP,TP,TP,TP,TP,TP,TP,TP,TP,TP,TP,TP,FN,FN,FN,FN,FN,FN,FN,FN,FN,FN
19,FP,FP,FP,TN,TN,TN,TN,TN,TN,TN,TN,TN,TN,TN,TN,TN,TN,TN,TN,TN,TN,TN,TN,TN,TN,TN
20,FP,FP,FP,TN,TN,TN,TN,TN,TN,TN,TN,TN,TN,TN,TN,TN,TN,TN,TN,TN,TN,TN,TN,TN,TN,TN
21,FP,FP,TN,TN,TN,TN,TN,TN,TN,TN,TN,TN,TN,TN,TN,TN,TN,TN,TN,TN,TN,TN,TN,TN,TN,TN
22,FP,TN,TN,TN,TN,TN,TN,TN,TN,TN,TN,TN,TN,TN,TN,TN,TN,TN,TN,TN,TN,TN,TN,TN,TN,TN
23,TP,TP,TP,TP,TP,TP,TP,TP,TP,TP,TP,TP,TP,TP,TP,TP,TP,TP,TP,FN,FN,FN,FN,FN,FN,FN
24,FP,FP,FP,TN,TN,TN,TN,TN,TN,TN,TN,TN,TN,TN,TN,TN,TN,TN,TN,TN,TN,TN,TN,TN,TN,TN
25,FP,FP,FP,TN,TN,TN,TN,TN,TN,TN,TN,TN,TN,TN,TN,TN,TN,TN,TN,TN,TN,TN,TN,TN,TN,TN
26,FP,FP,FP,TN,TN,TN,TN,TN,TN,TN,TN,TN,TN,TN,TN,TN,TN,TN,TN,TN,TN,TN,TN,TN,TN,TN
27,FP,FP,FP,TN,TN,TN,TN,TN,TN,TN,TN,TN,TN,TN,TN,TN,TN,TN,TN,TN,TN,TN,TN,TN,TN,TN
28,FP,FP,FP,TN,TN,TN,TN,TN,TN,TN,TN,TN,TN,TN,TN,TN,TN,TN,TN,TN,TN,TN,TN,TN,TN,TN
29,FP,FP,FP,TN,TN,TN,TN,TN,TN,TN,TN,TN,TN,TN,TN,TN,TN,TN,TN,TN,TN,TN,TN,TN,TN,TN
30,FP,FP,TN,TN,TN,TN,TN,TN,TN,TN,TN,TN,TN,TN,TN,TN,TN,TN,TN,TN,TN,TN,TN,TN,TN,TN
31,TP,TP,TP,TP,TP,TP,TP,TP,TP,TP,FN,FN,FN,FN,FN,FN,FN,FN,FN,FN,FN,FN,FN,FN,FN,FN
32,FP,FP,FP,TN,TN,TN,TN,TN,TN,TN,TN,TN,TN,TN,TN,TN,TN,TN,TN,TN,TN,TN,TN,TN,TN,TN
33,FP,FP,TN,TN,TN,TN,TN,TN,TN,TN,TN,TN,TN,TN,TN,TN,TN,TN,TN,TN,TN,TN,TN,TN,TN,TN
34,FP,FP,FP,TN,TN,TN,TN,TN,TN,TN,TN,TN,TN,TN,TN,TN,TN,TN,TN,TN,TN,TN,TN,TN,TN,TN
35,FP,FP,TN,TN,TN,TN,TN,TN,TN,TN,TN,TN,TN,TN,TN,TN,TN,TN,TN,TN,TN,TN,TN,TN,TN,TN
36,TP,TP,TP,TP,TP,TP,TP,TP,TP,TP,TP,TP,TP,TP,TP,TP,FN,FN,FN,FN,FN,FN,FN,FN,FN,FN
37,TP,TP,TP,TP,TP,FN,FN,FN,FN,FN,FN,FN,FN,FN,FN,FN,FN,FN,FN,FN,FN,FN,FN,FN,FN,FN
38,FP,FP,FP,TN,TN,TN,TN,TN,TN,TN,TN,TN,TN,TN,TN,TN,TN,TN,TN,TN,TN,TN,TN,TN,TN,TN
39,FP,FP,FP,TN,TN,TN,TN,TN,TN,TN,TN,TN,TN,TN,TN,TN,TN,TN,TN,TN,TN,TN,TN,TN,TN,TN
40,FP,FP,TN,TN,TN,TN,TN,TN,TN,TN,TN,TN,TN,TN,TN,TN,TN,TN,TN,TN,TN,TN,TN,TN,TN,TN
41,FP,FP,TN,TN,TN,TN,TN,TN,TN,TN,TN,TN,TN,TN,TN,TN,TN,TN,TN,TN,TN,TN,TN,TN,TN,TN
42,TP,TP,TP,TP,TP,TP,TP,TP,TP,TP,TP,TP,TP,TP,TP,TP,TP,TP,TP,TP,TP,TP,FN,FN,FN,FN
43,FP,FP,TN,TN,TN,TN,TN,TN,TN,TN,TN,TN,TN,TN,TN,TN,TN,TN,TN,TN,TN,TN,TN,TN,TN,TN
44,FP,FP,TN,TN,TN,TN,TN,TN,TN,TN,TN,TN,TN,TN,TN,TN,TN,TN,TN,TN,TN,TN,TN,TN,TN,TN
45,FP,FP,FP,TN,TN,TN,TN,TN,TN,TN,TN,TN,TN,TN,TN,TN,TN,TN,TN,TN,TN,TN,TN,TN,TN,TN
46,TP,TP,TP,TP,TP,TP,TP,TP,TP,TP,TP,TP,TP,TP,TP,TP,TP,TP,TP,TP,TP,TP,TP,FN,FN,FN
47,FP,FP,TN,TN,TN,TN,TN,TN,TN,TN,TN,TN,TN,TN,TN,TN,TN,TN,TN,TN,TN,TN,TN,TN,TN,TN
48,FP,FP,TN,TN,TN,TN,TN,TN,TN,TN,TN,TN,TN,TN,TN,TN,TN,TN,TN,TN,TN,TN,TN,TN,TN,TN
49,FP,FP,FP,TN,TN,TN,TN,TN,TN,TN,TN,TN,TN,TN,TN,TN,TN,TN,TN,TN,TN,TN,TN,TN,TN,TN
50,FP,FP,TN,TN,TN,TN,TN,TN,TN,TN,TN,TN,TN,TN,TN,TN,TN,TN,TN,TN,TN,TN,TN,TN,TN,TN
51,FP,FP,FP,TN,TN,TN,TN,TN,TN,TN,TN,TN,TN,TN,TN,TN,TN,TN,TN,TN,TN,TN,TN,TN,TN,TN
52,FP,FP,FP,TN,TN,TN,TN,TN,TN,TN,TN,TN,TN,TN,TN,TN,TN,TN,TN,TN,TN,TN,TN,TN,TN,TN
53,TP,TP,TP,TP,TP,TP,TP,TP,TP,TP,TP,FN,FN,FN,FN,FN,FN,FN,FN,FN,FN,FN,FN,FN,FN,FN
54,TP,TP,TP,TP,TP,TP,TP,TP,TP,TP,TP,TP,TP,TP,TP,TP,TP,TP,FN,FN,FN,FN,FN,FN,FN,FN
55,FP,FP,FP,TN,TN,TN,TN,TN,TN,TN,TN,TN,TN,TN,TN,TN,TN,TN,TN,TN,TN,TN,TN,TN,TN,TN
56,FP,FP,TN,TN,TN,TN,TN,TN,TN,TN,TN,TN,TN,TN,TN,TN,TN,TN,TN,TN,TN,TN,TN,TN,TN,TN
57,FP,FP,FP,TN,TN,TN,TN,TN,TN,TN,TN,TN,TN,TN,TN,TN,TN,TN,TN,TN,TN,TN,TN,TN,TN,TN
58,FP,FP,FP,TN,TN,TN,TN,TN,TN,TN,TN,TN,TN,TN,TN,TN,TN,TN,TN,TN,TN,TN,TN,TN,TN,TN
59,FP,FP,FP,TN,TN,TN,TN,TN,TN,TN,TN,TN,TN,TN,TN,TN,TN,TN,TN,TN,TN,TN,TN,TN,TN,TN
60,FP,FP,TN,TN,TN,TN,TN,TN,TN,TN,TN,TN,TN,TN,TN,TN,TN,TN,TN,TN,TN,TN,TN,TN,TN,TN
61,FP,FP,FP,TN,TN,TN,TN,TN,TN,TN,TN,TN,TN,TN,TN,TN,TN,TN,TN,TN,TN,TN,TN,TN,TN,TN
62,FP,FP,FP,TN,TN,TN,TN,TN,TN,TN,TN,TN,TN,TN,TN,TN,TN,TN,TN,TN,TN,TN,TN,TN,TN,TN
63,FP,FP,TN,TN,TN,TN,TN,TN,TN,TN,TN,TN,TN,TN,TN,TN,TN,TN,TN,TN,TN,TN,TN,TN,TN,TN
64,FP,FP,FP,TN,TN,TN,TN,TN,TN,TN,TN,TN,TN,TN,TN,TN,TN,TN,TN,TN,TN,TN,TN,TN,TN,TN
65,FP,FP,FP,TN,TN,TN,TN,TN,TN,TN,TN,TN,TN,TN,TN,TN,TN,TN,TN,TN,TN,TN,TN,TN,TN,TN
66,FP,FP,FP,TN,TN,TN,TN,TN,TN,TN,TN,TN,TN,TN,TN,TN,TN,TN,TN,TN,TN,TN,TN,TN,TN,TN
67,FP,FP,FP,TN,TN,TN,TN,TN,TN,TN,TN,TN,TN,TN,TN,TN,TN,TN,TN,TN,TN,TN,TN,TN,TN,TN
68,TP,TP,TP,TP,TP,TP,TP,TP,FN,FN,FN,FN,FN,FN,FN,FN,FN,FN,FN,FN,FN,FN,FN,FN,FN,FN
69,FP,FP,TN,TN,TN,TN,TN,TN,TN,TN,TN,TN,TN,TN,TN,TN,TN,TN,TN,TN,TN,TN,TN,TN,TN,TN
70,FP,FP,FP,TN,TN,TN,TN,TN,TN,TN,TN,TN,TN,TN,TN,TN,TN,TN,TN,TN,TN,TN,TN,TN,TN,TN
71,FP,FP,FP,TN,TN,TN,TN,TN,TN,TN,TN,TN,TN,TN,TN,TN,TN,TN,TN,TN,TN,TN,TN,TN,TN,TN
72,FP,FP,FP,TN,TN,TN,TN,TN,TN,TN,TN,TN,TN,TN,TN,TN,TN,TN,TN,TN,TN,TN,TN,TN,TN,TN
73,TP,TP,TP,TP,TP,TP,TP,TP,TP,TP,TP,TP,TP,TP,TP,TP,TP,FN,FN,FN,FN,FN,FN,FN,FN,FN
74,FP,FP,FP,TN,TN,TN,TN,TN,TN,TN,TN,TN,TN,TN,TN,TN,TN,TN,TN,TN,TN,TN,TN,TN,TN,TN
75,TP,TP,TP,TP,TP,TP,TP,TP,TP,TP,TP,TP,TP,TP,TP,TP,TP,TP,TP,TP,TP,TP,TP,TP,FN,FN
76,FP,FP,TN,TN,TN,TN,TN,TN,TN,TN,TN,TN,TN,TN,TN,TN,TN,TN,TN,TN,TN,TN,TN,TN,TN,TN
77,FP,FP,TN,TN,TN,TN,TN,TN,TN,TN,TN,TN,TN,TN,TN,TN,TN,TN,TN,TN,TN,TN,TN,TN,TN,TN
78,FP,FP,FP,TN,TN,TN,TN,TN,TN,TN,TN,TN,TN,TN,TN,TN,TN,TN,TN,TN,TN,TN,TN,TN,TN,TN
79,TP,TP,TP,TP,TP,TP,TP,TP,TP,TP,TP,TP,TP,FN,FN,FN,FN,FN,FN,FN,FN,FN,FN,FN,FN,FN
80,FP,FP,TN,TN,TN,TN,TN,TN,TN,TN,TN,TN,TN,TN,TN,TN,TN,TN,TN,TN,TN,TN,TN,TN,TN,TN
81,FP,FP,FP,TN,TN,TN,TN,TN,TN,TN,TN,TN,TN,TN,TN,TN,TN,TN,TN,TN,TN,TN,TN,TN,TN,TN
82,FP,FP,FP,TN,TN,TN,TN,TN,TN,TN,TN,TN,TN,TN,TN,TN,TN,TN,TN,TN,TN,TN,TN,TN,TN,TN
83,FP,FP,TN,TN,TN,TN,TN,TN,TN,TN,TN,TN,TN,TN,TN,TN,TN,TN,TN,TN,TN,TN,TN,TN,TN,TN
84,FP,FP,FP,TN,TN,TN,TN,TN,TN,TN,TN,TN,TN,TN,TN,TN,TN,TN,TN,TN,TN,TN,TN,TN,TN,TN
85,TP,TP,TP,TP,TP,TP,TP,TP,TP,TP,TP,TP,FN,FN,FN,FN,FN,FN,FN,FN,FN,FN,FN,FN,FN,FN
86,FP,FP,FP,TN,TN,TN,TN,TN,TN,TN,TN,TN,TN,TN,TN,TN,TN,TN,TN,TN,TN,TN,TN,TN,TN,TN
87,TP,TP,TP,TP,TP,TP,TP,TP,TP,TP,TP,TP,TP,TP,TP,TP,TP,TP,FN,FN,FN,FN,FN,FN,FN,FN
88,FP,FP,FP,TN,TN,TN,TN,TN,TN,TN,TN,TN,TN,TN,TN,TN,TN,TN,TN,TN,TN,TN,TN,TN,TN,TN
89,FP,FP,FP,TN,TN,TN,TN,TN,TN,TN,TN,TN,TN,TN,TN,TN,TN,TN,TN,TN,TN,TN,TN,TN,TN,TN
90,TP,TP,TP,TP,FN,FN,FN,FN,FN,FN,FN,FN,FN,FN,FN,FN,FN,FN,FN,FN,FN,FN,FN,FN,FN,FN
91,FP,FP,TN,TN,TN,TN,TN,TN,TN,TN,TN,TN,TN,TN,TN,TN,TN,TN,TN,TN,TN,TN,TN,TN,TN,TN
92,FP,FP,FP,TN,TN,TN,TN,TN,TN,TN,TN,TN,TN,TN,TN,TN,TN,TN,TN,TN,TN,TN,TN,TN,TN,TN
93,FP,FP,FP,TN,TN,TN,TN,TN,TN,TN,TN,TN,TN,TN,TN,TN,TN,TN,TN,TN,TN,TN,TN,TN,TN,TN
94,FP,FP,FP,TN,TN,TN,TN,TN,TN,TN,TN,TN,TN,TN,TN,TN,TN,TN,TN,TN,TN,TN,TN,TN,TN,TN
95,FP,FP,FP,TN,TN,TN,TN,TN,TN,TN,TN,TN,TN,TN,TN,TN,TN,TN,TN,TN,TN,TN,TN,TN,TN,TN
96,FP,FP,FP,TN,TN,TN,TN,TN,TN,TN,TN,TN,TN,TN,TN,TN,TN,TN,TN,TN,TN,TN,TN,TN,TN,TN
97,TP,TP,TP,TP,TP,TP,TP,TP,TP,TP,TP,TP,TP,TP,TP,TP,TP,TP,TP,TP,TP,TP,TP,FN,FN,FN
98,FP,FP,TN,TN,TN,TN,TN,TN,TN,TN,TN,TN,TN,TN,TN,TN,TN,TN,TN,TN,TN,TN,TN,TN,TN,TN
99,FP,FP,TN,TN,TN,TN,TN,TN,TN,TN,TN,TN,TN,TN,TN,TN,TN,TN,TN,TN,TN,TN,TN,TN,TN,TN
100,TP,TP,TP,TP,TP,TP,TP,TP,TP,TP,TP,TP,TP,TP,TP,TP,TP,TP,TP,TP,TP,TP,FN,FN,FN,FN
101,TP,TP,TP,TP,TP,TP,TP,TP,TP,TP,TP,TP,TP,TP,TP,TP,TP,TP,FN,FN,FN,FN,FN,FN,FN,FN
102,FP,FP,TN,TN,TN,TN,TN,TN,TN,TN,TN,TN,TN,TN,TN,TN,TN,TN,TN,TN,TN,TN,TN,TN,TN,TN
103,FP,FP,FP,TN,TN,TN,TN,TN,TN,TN,TN,TN,TN,TN,TN,TN,TN,TN,TN,TN,TN,TN,TN,TN,TN,TN
104,TP,TP,TP,TP,TP,TP,TP,TP,TP,TP,TP,TP,TP,TP,TP,TP,TP,TP,TP,FN,FN,FN,FN,FN,FN,FN
105,FP,FP,TN,TN,TN,TN,TN,TN,TN,TN,TN,TN,TN,TN,TN,TN,TN,TN,TN,TN,TN,TN,TN,TN,TN,TN
106,TP,TP,TP,TP,TP,TP,TP,TP,TP,TP,TP,TP,TP,TP,TP,TP,FN,FN,FN,FN,FN,FN,FN,FN,FN,FN
107,FP,FP,FP,TN,TN,TN,TN,TN,TN,TN,TN,TN,TN,TN,TN,TN,TN,TN,TN,TN,TN,TN,TN,TN,TN,TN
108,FP,FP,TN,TN,TN,TN,TN,TN,TN,TN,TN,TN,TN,TN,TN,TN,TN,TN,TN,TN,TN,TN,TN,TN,TN,TN
109,TP,TP,TP,TP,TP,TP,TP,TP,TP,TP,TP,TP,TP,TP,TP,TP,TP,FN,FN,FN,FN,FN,FN,FN,FN,FN
110,FP,FP,FP,TN,TN,TN,TN,TN,TN,TN,TN,TN,TN,TN,TN,TN,TN,TN,TN,TN,TN,TN,TN,TN,TN,TN
111,FP,FP,TN,TN,TN,TN,TN,TN,TN,TN,TN,TN,TN,TN,TN,TN,TN,TN,TN,TN,TN,TN,TN,TN,TN,TN
112,FP,FP,FP,TN,TN,TN,TN,TN,TN,TN,TN,TN,TN,TN,TN,TN,TN,TN,TN,TN,TN,TN,TN,TN,TN,TN
113,FP,FP,FP,TN,TN,TN,TN,TN,TN,TN,TN,TN,TN,TN,TN,TN,TN,TN,TN,TN,TN,TN,TN,TN,TN,TN
114,FP,FP,FP,TN,TN,TN,TN,TN,TN,TN,TN,TN,TN,TN,TN,TN,TN,TN,TN,TN,TN,TN,TN,TN,TN,TN
115,TP,TP,TP,TP,TP,TP,TP,TP,TP,TP,TP,TP,TP,TP,TP,TP,FN,FN,FN,FN,FN,FN,FN,FN,FN,FN
116,FP,FP,TN,TN,TN,TN,TN,TN,TN,TN,TN,TN,TN,TN,TN,TN,TN,TN,TN,TN,TN,TN,TN,TN,TN,TN
117,TP,TP,TP,TP,TP,TP,TP,TP,TP,TP,TP,TP,TP,TP,TP,TP,TP,TP,TP,TP,TP,TP,TP,TP,FN,FN
118,FP,FP,TN,TN,TN,TN,TN,TN,TN,TN,TN,TN,TN,TN,TN,TN,TN,TN,TN,TN,TN,TN,TN,TN,TN,TN
119,FP,FP,FP,TN,TN,TN,TN,TN,TN,TN,TN,TN,TN,TN,TN,TN,TN,TN,TN,TN,TN,TN,TN,TN,TN,TN
120,FP,FP,TN,TN,TN,TN,TN,TN,TN,TN,TN,TN,TN,TN,TN,TN,TN,TN,TN,TN,TN,TN,TN,TN,TN,TN
121,TP,TP,TP,TP,TP,TP,TP,TP,TP,FN,FN,FN,FN,FN,FN,FN,FN,FN,FN,FN,FN,FN,FN,FN,FN,FN
122,FP,FP,TN,TN,TN,TN,TN,TN,TN,TN,TN,TN,TN,TN,TN,TN,TN,TN,TN,TN,TN,TN,TN,TN,TN,TN
123,TP,TP,TP,TP,TP,TP,TP,TP,FN,FN,FN,FN,FN,FN,FN,FN,FN,FN,FN,FN,FN,FN,FN,FN,FN,FN
124,TP,TP,TP,TP,TP,TP,TP,TP,TP,TP,TP,FN,FN,FN,FN,FN,FN,FN,FN,FN,FN,FN,FN,FN,FN,FN
125,FP,FP,TN,TN,TN,TN,TN,TN,TN,TN,TN,TN,TN,TN,TN,TN,TN,TN,TN,TN,TN,TN,TN,TN,TN,TN
126,FP,FP,TN,TN,TN,TN,TN,TN,TN,TN,TN,TN,TN,TN,TN,TN,TN,TN,TN,TN,TN,TN,TN,TN,TN,TN
127,TP,TP,TP,TP,TP,TP,FN,FN,FN,FN,FN,FN,FN,FN,FN,FN,FN,FN,FN,FN,FN,FN,FN,FN,FN,FN
128,FP,FP,TN,TN,TN,TN,TN,TN,TN,TN,TN,TN,TN,TN,TN,TN,TN,TN,TN,TN,TN,TN,TN,TN,TN,TN
129,FP,FP,FP,TN,TN,TN,TN,TN,TN,TN,TN,TN,TN,TN,TN,TN,TN,TN,TN,TN,TN,TN,TN,TN,TN,TN
130,TP,TP,TP,TP,TP,TP,FN,FN,FN,FN,FN,FN,FN,FN,FN,FN,FN,FN,FN,FN,FN,FN,FN,FN,FN,FN
131,FP,FP,TN,TN,TN,TN,TN,TN,TN,TN,TN,TN,TN,TN,TN,TN,TN,TN,TN,TN,TN,TN,TN,TN,TN,TN
132,FP,FP,TN,TN,TN,TN,TN,TN,TN,TN,TN,TN,TN,TN,TN,TN,TN,TN,TN,TN,TN,TN,TN,TN,TN,TN
133,FP,FP,FP,TN,TN,TN,TN,TN,TN,TN,TN,TN,TN,TN,TN,TN,TN,TN,TN,TN,TN,TN,TN,TN,TN,TN
134,TP,TP,TP,TP,TP,TP,TP,TP,TP,TP,TP,TP,TP,TP,TP,TP,FN,FN,FN,FN,FN,FN,FN,FN,FN,FN
135,FP,FP,TN,TN,TN,TN,TN,TN,TN,TN,TN,TN,TN,TN,TN,TN,TN,TN,TN,TN,TN,TN,TN,TN,TN,TN
136,FP,FP,FP,TN,TN,TN,TN,TN,TN,TN,TN,TN,TN,TN,TN,TN,TN,TN,TN,TN,TN,TN,TN,TN,TN,TN
137,TP,TP,TP,TP,TP,TP,FN,FN,FN,FN,FN,FN,FN,FN,FN,FN,FN,FN,FN,FN,FN,FN,FN,FN,FN,FN
138,FP,TN,TN,TN,TN,TN,TN,TN,TN,TN,TN,TN,TN,TN,TN,TN,TN,TN,TN,TN,TN,TN,TN,TN,TN,TN
139,FP,FP,FP,TN,TN,TN,TN,TN,TN,TN,TN,TN,TN,TN,TN,TN,TN,TN,TN,TN,TN,TN,TN,TN,TN,TN
140,FP,FP,FP,TN,TN,TN,TN,TN,TN,TN,TN,TN,TN,TN,TN,TN,TN,TN,TN,TN,TN,TN,TN,TN,TN,TN
141,FP,FP,FP,TN,TN,TN,TN,TN,TN,TN,TN,TN,TN,TN,TN,TN,TN,TN,TN,TN,TN,TN,TN,TN,TN,TN
142,FP,FP,FP,TN,TN,TN,TN,TN,TN,TN,TN,TN,TN,TN,TN,TN,TN,TN,TN,TN,TN,TN,TN,TN,TN,TN
143,FP,FP,TN,TN,TN,TN,TN,TN,TN,TN,TN,TN,TN,TN,TN,TN,TN,TN,TN,TN,TN,TN,TN,TN,TN,TN
144,FP,FP,FP,TN,TN,TN,TN,TN,TN,TN,TN,TN,TN,TN,TN,TN,TN,TN,TN,TN,TN,TN,TN,TN,TN,TN
145,TP,TP,TP,TP,TP,TP,TP,TP,TP,TP,TP,FN,FN,FN,FN,FN,FN,FN,FN,FN,FN,FN,FN,FN,FN,FN
146,TP,TP,TP,TP,TP,TP,TP,TP,TP,TP,TP,TP,TP,TP,TP,TP,TP,TP,TP,FN,FN,FN,FN,FN,FN,FN
147,FP,FP,TN,TN,TN,TN,TN,TN,TN,TN,TN,TN,TN,TN,TN,TN,TN,TN,TN,TN,TN,TN,TN,TN,TN,TN
148,FP,FP,TN,TN,TN,TN,TN,TN,TN,TN,TN,TN,TN,TN,TN,TN,TN,TN,TN,TN,TN,TN,TN,TN,TN,TN
149,FP,FP,TN,TN,TN,TN,TN,TN,TN,TN,TN,TN,TN,TN,TN,TN,TN,TN,TN,TN,TN,TN,TN,TN,TN,TN
150,TP,TP,TP,TP,TP,TP,TP,TP,TP,TP,TP,TP,TP,TP,TP,FN,FN,FN,FN,FN,FN,FN,FN,FN,FN,FN
151,TP,TP,TP,TP,TP,TP,FN,FN,FN,FN,FN,FN,FN,FN,FN,FN,FN,FN,FN,FN,FN,FN,FN,FN,FN,FN
152,FP,FP,TN,TN,TN,TN,TN,TN,TN,TN,TN,TN,TN,TN,TN,TN,TN,TN,TN,TN,TN,TN,TN,TN,TN,TN
153,FP,FP,TN,TN,TN,TN,TN,TN,TN,TN,TN,TN,TN,TN,TN,TN,TN,TN,TN,TN,TN,TN,TN,TN,TN,TN
154,FP,FP,TN,TN,TN,TN,TN,TN,TN,TN,TN,TN,TN,TN,TN,TN,TN,TN,TN,TN,TN,TN,TN,TN,TN,TN
155,FP,FP,TN,TN,TN,TN,TN,TN,TN,TN,TN,TN,TN,TN,TN,TN,TN,TN,TN,TN,TN,TN,TN,TN,TN,TN
156,FP,FP,FP,TN,TN,TN,TN,TN,TN,TN,TN,TN,TN,TN,TN,TN,TN,TN,TN,TN,TN,TN,TN,TN,TN,TN
157,FP,FP,TN,TN,TN,TN,TN,TN,TN,TN,TN,TN,TN,TN,TN,TN,TN,TN,TN,TN,TN,TN,TN,TN,TN,TN
158,FP,FP,TN,TN,TN,TN,TN,TN,TN,TN,TN,TN,TN,TN,TN,TN,TN,TN,TN,TN,TN,TN,TN,TN,TN,TN
159,FP,FP,TN,TN,TN,TN,TN,TN,TN,TN,TN,TN,TN,TN,TN,TN,TN,TN,TN,TN,TN,TN,TN,TN,TN,TN
160,FP,FP,FP,TN,TN,TN,TN,TN,TN,TN,TN,TN,TN,TN,TN,TN,TN,TN,TN,TN,TN,TN,TN,TN,TN,TN
161,FP,FP,FP,TN,TN,TN,TN,TN,TN,TN,TN,TN,TN,TN,TN,TN,TN,TN,TN,TN,TN,TN,TN,TN,TN,TN
162,FP,FP,TN,TN,TN,TN,TN,TN,TN,TN,TN,TN,TN,TN,TN,TN,TN,TN,TN,TN,TN,TN,TN,TN,TN,TN
163,FP,FP,TN,TN,TN,TN,TN,TN,TN,TN,TN,TN,TN,TN,TN,TN,TN,TN,TN,TN,TN,TN,TN,TN,TN,TN
164,FP,FP,FP,TN,TN,TN,TN,TN,TN,TN,TN,TN,TN,TN,TN,TN,TN,TN,TN,TN,TN,TN,TN,TN,TN,TN
165,FP,FP,TN,TN,TN,TN,TN,TN,TN,TN,TN,TN,TN,TN,TN,TN,TN,TN,TN,TN,TN,TN,TN,TN,TN,TN
166,FP,FP,FP,TN,TN,TN,TN,TN,TN,TN,TN,TN,TN,TN,TN,TN,TN,TN,TN,TN,TN,TN,TN,TN,TN,TN
167,FP,FP,TN,TN,TN,TN,TN,TN,TN,TN,TN,TN,TN,TN,TN,TN,TN,TN,TN,TN,TN,TN,TN,TN,TN,TN
168,FP,FP,TN,TN,TN,TN,TN,TN,TN,TN,TN,TN,TN,TN,TN,TN,TN,TN,TN,TN,TN,TN,TN,TN,TN,TN
169,TP,TP,TP,TP,TP,TP,TP,TP,TP,TP,FN,FN,FN,FN,FN,FN,FN,FN,FN,FN,FN,FN,FN,FN,FN,FN
170,TP,TP,TP,TP,TP,TP,TP,TP,TP,TP,TP,TP,TP,FN,FN,FN,FN,FN,FN,FN,FN,FN,FN,FN,FN,FN
171,FP,FP,FP,TN,TN,TN,TN,TN,TN,TN,TN,TN,TN,TN,TN,TN,TN,TN,TN,TN,TN,TN,TN,TN,TN,TN
172,FP,FP,FP,TN,TN,TN,TN,TN,TN,TN,TN,TN,TN,TN,TN,TN,TN,TN,TN,TN,TN,TN,TN,TN,TN,TN
173,TP,TP,TP,TP,TP,TP,TP,TP,TP,TP,TP,TP,TP,TP,TP,TP,FN,FN,FN,FN,FN,FN,FN,FN,FN,FN
174,FP,FP,TN,TN,TN,TN,TN,TN,TN,TN,TN,TN,TN,TN,TN,TN,TN,TN,TN,TN,TN,TN,TN,TN,TN,TN
175,TP,TP,TP,TP,TP,TP,TP,TP,TP,TP,TP,TP,TP,TP,TP,TP,FN,FN,FN,FN,FN,FN,FN,FN,FN,FN
176,TP,TP,TP,TP,TP,TP,TP,TP,TP,TP,TP,TP,TP,TP,TP,TP,TP,FN,FN,FN,FN,FN,FN,FN,FN,FN
177,FP,FP,TN,TN,TN,TN,TN,TN,TN,TN,TN,TN,TN,TN,TN,TN,TN,TN,TN,TN,TN,TN,TN,TN,TN,TN
178,FP,FP,FP,TN,TN,TN,TN,TN,TN,TN,TN,TN,TN,TN,TN,TN,TN,TN,TN,TN,TN,TN,TN,TN,TN,TN
179,TP,TP,TP,TP,TP,TP,TP,TP,TP,TP,TP,TP,TP,TP,TP,TP,TP,TP,TP,TP,FN,FN,FN,FN,FN,FN
180,FP,FP,FP,TN,TN,TN,TN,TN,TN,TN,TN,TN,TN,TN,TN,TN,TN,TN,TN,TN,TN,TN,TN,TN,TN,TN
181,FP,FP,FP,TN,TN,TN,TN,TN,TN,TN,TN,TN,TN,TN,TN,TN,TN,TN,TN,TN,TN,TN,TN,TN,TN,TN
182,TP,TP,TP,TP,TP,TP,TP,TP,TP,TP,TP,FN,FN,FN,FN,FN,FN,FN,FN,FN,FN,FN,FN,FN,FN,FN
183,TP,TP,TP,TP,TP,TP,TP,TP,TP,TP,TP,TP,TP,TP,TP,TP,TP,TP,TP,TP,TP,TP,TP,TP,TP,FN
184,TP,TP,TP,FN,FN,FN,FN,FN,FN,FN,FN,FN,FN,FN,FN,FN,FN,FN,FN,FN,FN,FN,FN,FN,FN,FN
185,FP,FP,TN,TN,TN,TN,TN,TN,TN,TN,TN,TN,TN,TN,TN,TN,TN,TN,TN,TN,TN,TN,TN,TN,TN,TN
186,TP,TP,TP,TP,TP,TP,TP,TP,TP,TP,TP,TP,TP,TP,TP,FN,FN,FN,FN,FN,FN,FN,FN,FN,FN,FN
187,FP,FP,FP,TN,TN,TN,TN,TN,TN,TN,TN,TN,TN,TN,TN,TN,TN,TN,TN,TN,TN,TN,TN,TN,TN,TN
188,TP,TP,TP,TP,TP,TP,TP,TP,TP,TP,TP,TP,TP,TP,TP,TP,TP,TP,TP,TP,TP,TP,TP,TP,FN,FN
189,TP,TP,TP,TP,TP,TP,TP,TP,TP,TP,TP,TP,TP,TP,TP,TP,TP,TP,TP,TP,TP,TP,TP,TP,TP,FN
190,FP,FP,FP,TN,TN,TN,TN,TN,TN,TN,TN,TN,TN,TN,TN,TN,TN,TN,TN,TN,TN,TN,TN,TN,TN,TN
191,TP,TP,TP,TP,TP,TP,TP,TP,TP,TP,TP,FN,FN,FN,FN,FN,FN,FN,FN,FN,FN,FN,FN,FN,FN,FN
192,FP,FP,FP,TN,TN,TN,TN,TN,TN,TN,TN,TN,TN,TN,TN,TN,TN,TN,TN,TN,TN,TN,TN,TN,TN,TN
193,TP,TP,TP,TP,TP,TP,FN,FN,FN,FN,FN,FN,FN,FN,FN,FN,FN,FN,FN,FN,FN,FN,FN,FN,FN,FN
194,FP,FP,FP,TN,TN,TN,TN,TN,TN,TN,TN,TN,TN,TN,TN,TN,TN,TN,TN,TN,TN,TN,TN,TN,TN,TN
195,FP,FP,FP,TN,TN,TN,TN,TN,TN,TN,TN,TN,TN,TN,TN,TN,TN,TN,TN,TN,TN,TN,TN,TN,TN,TN
196,FP,FP,TN,TN,TN,TN,TN,TN,TN,TN,TN,TN,TN,TN,TN,TN,TN,TN,TN,TN,TN,TN,TN,TN,TN,TN
197,FP,FP,TN,TN,TN,TN,TN,TN,TN,TN,TN,TN,TN,TN,TN,TN,TN,TN,TN,TN,TN,TN,TN,TN,TN,TN
198,FP,FP,TN,TN,TN,TN,TN,TN,TN,TN,TN,TN,TN,TN,TN,TN,TN,TN,TN,TN,TN,TN,TN,TN,TN,TN
199,FP,FP,TN,TN,TN,TN,TN,TN,TN,TN,TN,TN,TN,TN,TN,TN,TN,TN,TN,TN,TN,TN,TN,TN,TN,TN
200,FP,FP,TN,TN,TN,TN,TN,TN,TN,TN,TN,TN,TN,TN,TN,TN,TN,TN,TN,TN,TN,TN,TN,TN,TN,TN
201,FP,FP,TN,TN,TN,TN,TN,TN,TN,TN,TN,TN,TN,TN,TN,TN,TN,TN,TN,TN,TN,TN,TN,TN,TN,TN
202,TP,TP,TP,TP,TP,TP,TP,TP,TP,TP,TP,TP,TP,TP,TP,TP,TP,FN,FN,FN,FN,FN,FN,FN,FN,FN
203,FP,FP,TN,TN,TN,TN,TN,TN,TN,TN,TN,TN,TN,TN,TN,TN,TN,TN,TN,TN,TN,TN,TN,TN,TN,TN
204,FP,FP,TN,TN,TN,TN,TN,TN,TN,TN,TN,TN,TN,TN,TN,TN,TN,TN,TN,TN,TN,TN,TN,TN,TN,TN
205,TP,TP,TP,TP,TP,TP,TP,TP,TP,TP,TP,TP,TP,TP,TP,TP,TP,TP,TP,TP,TP,TP,TP,TP,FN,FN
206,FP,FP,TN,TN,TN,TN,TN,TN,TN,TN,TN,TN,TN,TN,TN,TN,TN,TN,TN,TN,TN,TN,TN,TN,TN,TN
207,FP,FP,FP,TN,TN,TN,TN,TN,TN,TN,TN,TN,TN,TN,TN,TN,TN,TN,TN,TN,TN,TN,TN,TN,TN,TN
208,FP,FP,TN,TN,TN,TN,TN,TN,TN,TN,TN,TN,TN,TN,TN,TN,TN,TN,TN,TN,TN,TN,TN,TN,TN,TN
209,FP,FP,FP,TN,TN,TN,TN,TN,TN,TN,TN,TN,TN,TN,TN,TN,TN,TN,TN,TN,TN,TN,TN,TN,TN,TN
210,TP,TP,TP,TP,TP,TP,TP,TP,TP,FN,FN,FN,FN,FN,FN,FN,FN,FN,FN,FN,FN,FN,FN,FN,FN,FN
211,FP,FP,TN,TN,TN,TN,TN,TN,TN,TN,TN,TN,TN,TN,TN,TN,TN,TN,TN,TN,TN,TN,TN,TN,TN,TN
212,FP,FP,TN,TN,TN,TN,TN,TN,TN,TN,TN,TN,TN,TN,TN,TN,TN,TN,TN,TN,TN,TN,TN,TN,TN,TN
213,FP,FP,FP,TN,TN,TN,TN,TN,TN,TN,TN,TN,TN,TN,TN,TN,TN,TN,TN,TN,TN,TN,TN,TN,TN,TN
214,FP,FP,FP,TN,TN,TN,TN,TN,TN,TN,TN,TN,TN,TN,TN,TN,TN,TN,TN,TN,TN,TN,TN,TN,TN,TN
215,TP,TP,TP,TP,TP,TP,TP,TP,TP,TP,TP,TP,FN,FN,FN,FN,FN,FN,FN,FN,FN,FN,FN,FN,FN,FN
216,FP,FP,TN,TN,TN,TN,TN,TN,TN,TN,TN,TN,TN,TN,TN,TN,TN,TN,TN,TN,TN,TN,TN,TN,TN,TN
217,TP,TP,TP,TP,TP,TP,TP,TP,TP,TP,TP,TP,TP,TP,TP,TP,TP,TP,TP,TP,TP,FN,FN,FN,FN,FN
218,FP,FP,FP,TN,TN,TN,TN,TN,TN,TN,TN,TN,TN,TN,TN,TN,TN,TN,TN,TN,TN,TN,TN,TN,TN,TN
219,FP,FP,TN,TN,TN,TN,TN,TN,TN,TN,TN,TN,TN,TN,TN,TN,TN,TN,TN,TN,TN,TN,TN,TN,TN,TN
220,TP,TP,TP,TP,TP,TP,TP,TP,TP,TP,TP,TP,TP,TP,TP,TP,TP,TP,TP,TP,TP,FN,FN,FN,FN,FN
221,FP,FP,TN,TN,TN,TN,TN,TN,TN,TN,TN,TN,TN,TN,TN,TN,TN,TN,TN,TN,TN,TN,TN,TN,TN,TN
222,FP,FP,FP,TN,TN,TN,TN,TN,TN,TN,TN,TN,TN,TN,TN,TN,TN,TN,TN,TN,TN,TN,TN,TN,TN,TN
223,FP,FP,FP,TN,TN,TN,TN,TN,TN,TN,TN,TN,TN,TN,TN,TN,TN,TN,TN,TN,TN,TN,TN,TN,TN,TN
224,FP,FP,TN,TN,TN,TN,TN,TN,TN,TN,TN,TN,TN,TN,TN,TN,TN,TN,TN,TN,TN,TN,TN,TN,TN,TN
225,FP,FP,FP,TN,TN,TN,TN,TN,TN,TN,TN,TN,TN,TN,TN,TN,TN,TN,TN,TN,TN,TN,TN,TN,TN,TN
226,TP,TP,TP,TP,TP,TP,TP,TP,FN,FN,FN,FN,FN,FN,FN,FN,FN,FN,FN,FN,FN,FN,FN,FN,FN,FN
227,TP,TP,TP,TP,TP,TP,TP,TP,TP,TP,TP,TP,FN,FN,FN,FN,FN,FN,FN,FN,FN,FN,FN,FN,FN,FN
228,FP,FP,TN,TN,TN,TN,TN,TN,TN,TN,TN,TN,TN,TN,TN,TN,TN,TN,TN,TN,TN,TN,TN,TN,TN,TN
229,FP,FP,FP,TN,TN,TN,TN,TN,TN,TN,TN,TN,TN,TN,TN,TN,TN,TN,TN,TN,TN,TN,TN,TN,TN,TN
230,FP,FP,FP,TN,TN,TN,TN,TN,TN,TN,TN,TN,TN,TN,TN,TN,TN,TN,TN,TN,TN,TN,TN,TN,TN,TN
231,TP,TP,TP,TP,TP,TP,TP,TP,TP,TP,TP,FN,FN,FN,FN,FN,FN,FN,FN,FN,FN,FN,FN,FN,FN,FN
232,FP,FP,TN,TN,TN,TN,TN,TN,TN,TN,TN,TN,TN,TN,TN,TN,TN,TN,TN,TN,TN,TN,TN,TN,TN,TN
233,FP,FP,FP,TN,TN,TN,TN,TN,TN,TN,TN,TN,TN,TN,TN,TN,TN,TN,TN,TN,TN,TN,TN,TN,TN,TN
234,TP,TP,TP,TP,TP,TP,TP,TP,TP,TP,TP,TP,TP,TP,TP,TP,TP,TP,TP,FN,FN,FN,FN,FN,FN,FN
235,TP,TP,TP,TP,TP,TP,TP,TP,TP,TP,TP,TP,TP,TP,TP,TP,TP,FN,FN,FN,FN,FN,FN,FN,FN,FN
236,FP,FP,FP,TN,TN,TN,TN,TN,TN,TN,TN,TN,TN,TN,TN,TN,TN,TN,TN,TN,TN,TN,TN,TN,TN,TN
237,FP,FP,FP,TN,TN,TN,TN,TN,TN,TN,TN,TN,TN,TN,TN,TN,TN,TN,TN,TN,TN,TN,TN,TN,TN,TN
238,FP,FP,TN,TN,TN,TN,TN,TN,TN,TN,TN,TN,TN,TN,TN,TN,TN,TN,TN,TN,TN,TN,TN,TN,TN,TN
239,TP,TP,TP,TP,TP,TP,TP,TP,TP,TP,TP,FN,FN,FN,FN,FN,FN,FN,FN,FN,FN,FN,FN,FN,FN,FN
240,FP,FP,TN,TN,TN,TN,TN,TN,TN,TN,TN,TN,TN,TN,TN,TN,TN,TN,TN,TN,TN,TN,TN,TN,TN,TN
241,FP,FP,FP,TN,TN,TN,TN,TN,TN,TN,TN,TN,TN,TN,TN,TN,TN,TN,TN,TN,TN,TN,TN,TN,TN,TN
242,FP,FP,FP,TN,TN,TN,TN,TN,TN,TN,TN,TN,TN,TN,TN,TN,TN,TN,TN,TN,TN,TN,TN,TN,TN,TN
243,FP,FP,FP,TN,TN,TN,TN,TN,TN,TN,TN,TN,TN,TN,TN,TN,TN,TN,TN,TN,TN,TN,TN,TN,TN,TN
244,TP,TP,TP,TP,TP,TP,TP,TP,TP,TP,TP,TP,TP,TP,TP,TP,TP,TP,FN,FN,FN,FN,FN,FN,FN,FN
245,FP,FP,FP,TN,TN,TN,TN,TN,TN,TN,TN,TN,TN,TN,TN,TN,TN,TN,TN,TN,TN,TN,TN,TN,TN,TN
246,FP,FP,TN,TN,TN,TN,TN,TN,TN,TN,TN,TN,TN,TN,TN,TN,TN,TN,TN,TN,TN,TN,TN,TN,TN,TN
247,FP,FP,FP,TN,TN,TN,TN,TN,TN,TN,TN,TN,TN,TN,TN,TN,TN,TN,TN,TN,TN,TN,TN,TN,TN,TN
248,TP,TP,TP,TP,TP,TP,TP,TP,TP,TP,TP,TP,TP,TP,TP,TP,FN,FN,FN,FN,FN,FN,FN,FN,FN,FN
249,FP,FP,FP,TN,TN,TN,TN,TN,TN,TN,TN,TN,TN,TN,TN,TN,TN,TN,TN,TN,TN,TN,TN,TN,TN,TN
250,FP,FP,TN,TN,TN,TN,TN,TN,TN,TN,TN,TN,TN,TN,TN,TN,TN,TN,TN,TN,TN,TN,TN,TN,TN,TN
251,FP,FP,TN,TN,TN,TN,TN,TN,TN,TN,TN,TN,TN,TN,TN,TN,TN,TN,TN,TN,TN,TN,TN,TN,TN,TN
252,TP,TP,TP,TP,TP,TP,TP,TP,TP,TP,TP,TP,TP,TP,TP,TP,TP,TP,TP,TP,TP,TP,TP,TP,TP,FN
253,FP,FP,TN,TN,TN,TN,TN,TN,TN,TN,TN,TN,TN,TN,TN,TN,TN,TN,TN,TN,TN,TN,TN,TN,TN,TN
254,TP,TP,TP,TP,TP,TP,TP,TP,TP,TP,TP,TP,TP,TP,TP,TP,TP,TP,FN,FN,FN,FN,FN,FN,FN,FN
255,FP,FP,TN,TN,TN,TN,TN,TN,TN,TN,TN,TN,TN,TN,TN,TN,TN,TN,TN,TN,TN,TN,TN,TN,TN,TN
256,FP,FP,FP,TN,TN,TN,TN,TN,TN,TN,TN,TN,TN,TN,TN,TN,TN,TN,TN,TN,TN,TN,TN,TN,TN,TN
257,TP,TP,TP,TP,TP,TP,TP,TP,TP,TP,TP,TP,FN,FN,FN,FN,FN,FN,FN,FN,FN,FN,FN,FN,FN,FN
258,FP,FP,TN,TN,TN,TN,TN,TN,TN,TN,TN,TN,TN,TN,TN,TN,TN,TN,TN,TN,TN,TN,TN,TN,TN,TN
259,FP,FP,FP,TN,TN,TN,TN,TN,TN,TN,TN,TN,TN,TN,TN,TN,TN,TN,TN,TN,TN,TN,TN,TN,TN,TN
260,TP,TP,TP,TP,TP,TP,TP,TP,TP,TP,TP,TP,TP,TP,TP,TP,TP,TP,TP,TP,TP,FN,FN,FN,FN,FN
261,TP,TP,TP,TP,TP,TP,TP,TP,TP,TP,TP,TP,TP,FN,FN,FN,FN,FN,FN,FN,FN,FN,FN,FN,FN,FN
262,FP,FP,FP,TN,TN,TN,TN,TN,TN,TN,TN,TN,TN,TN,TN,TN,TN,TN,TN,TN,TN,TN,TN,TN,TN,TN
263,FP,FP,FP,TN,TN,TN,TN,TN,TN,TN,TN,TN,TN,TN,TN,TN,TN,TN,TN,TN,TN,TN,TN,TN,TN,TN
264,FP,FP,FP,TN,TN,TN,TN,TN,TN,TN,TN,TN,TN,TN,TN,TN,TN,TN,TN,TN,TN,TN,TN,TN,TN,TN
265,FP,FP,FP,TN,TN,TN,TN,TN,TN,TN,TN,TN,TN,TN,TN,TN,TN,TN,TN,TN,TN,TN,TN,TN,TN,TN
266,FP,FP,TN,TN,TN,TN,TN,TN,TN,TN,TN,TN,TN,TN,TN,TN,TN,TN,TN,TN,TN,TN,TN,TN,TN,TN
267,FP,FP,FP,TN,TN,TN,TN,TN,TN,TN,TN,TN,TN,TN,TN,TN,TN,TN,TN,TN,TN,TN,TN,TN,TN,TN
268,FP,FP,FP,TN,TN,TN,TN,TN,TN,TN,TN,TN,TN,TN,TN,TN,TN,TN,TN,TN,TN,TN,TN,TN,TN,TN
269,TP,TP,TP,TP,TP,TP,TP,TP,TP,TP,FN,FN,FN,FN,FN,FN,FN,FN,FN,FN,FN,FN,FN,FN,FN,FN
270,FP,FP,FP,TN,TN,TN,TN,TN,TN,TN,TN,TN,TN,TN,TN,TN,TN,TN,TN,TN,TN,TN,TN,TN,TN,TN
271,FP,FP,FP,TN,TN,TN,TN,TN,TN,TN,TN,TN,TN,TN,TN,TN,TN,TN,TN,TN,TN,TN,TN,TN,TN,TN
272,FP,FP,FP,TN,TN,TN,TN,TN,TN,TN,TN,TN,TN,TN,TN,TN,TN,TN,TN,TN,TN,TN,TN,TN,TN,TN
273,FP,FP,FP,TN,TN,TN,TN,TN,TN,TN,TN,TN,TN,TN,TN,TN,TN,TN,TN,TN,TN,TN,TN,TN,TN,TN
274,TP,TP,TP,TP,TP,TP,TP,FN,FN,FN,FN,FN,FN,FN,FN,FN,FN,FN,FN,FN,FN,FN,FN,FN,FN,FN
275,TP,TP,TP,TP,TP,TP,TP,TP,TP,TP,TP,TP,TP,FN,FN,FN,FN,FN,FN,FN,FN,FN,FN,FN,FN,FN
276,FP,FP,TN,TN,TN,TN,TN,TN,TN,TN,TN,TN,TN,TN,TN,TN,TN,TN,TN,TN,TN,TN,TN,TN,TN,TN
277,TP,TP,TP,TP,TP,TP,TP,TP,TP,TP,TP,TP,TP,TP,TP,TP,FN,FN,FN,FN,FN,FN,FN,FN,FN,FN
278,TP,TP,TP,TP,TP,TP,TP,TP,TP,TP,TP,TP,TP,TP,TP,TP,FN,FN,FN,FN,FN,FN,FN,FN,FN,FN
279,FP,FP,TN,TN,TN,TN,TN,TN,TN,TN,TN,TN,TN,TN,TN,TN,TN,TN,TN,TN,TN,TN,TN,TN,TN,TN
280,FP,FP,FP,TN,TN,TN,TN,TN,TN,TN,TN,TN,TN,TN,TN,TN,TN,TN,TN,TN,TN,TN,TN,TN,TN,TN
281,FP,FP,FP,TN,TN,TN,TN,TN,TN,TN,TN,TN,TN,TN,TN,TN,TN,TN,TN,TN,TN,TN,TN,TN,TN,TN
282,FP,FP,TN,TN,TN,TN,TN,TN,TN,TN,TN,TN,TN,TN,TN,TN,TN,TN,TN,TN,TN,TN,TN,TN,TN,TN
283,FP,FP,TN,TN,TN,TN,TN,TN,TN,TN,TN,TN,TN,TN,TN,TN,TN,TN,TN,TN,TN,TN,TN,TN,TN,TN
284,FP,FP,FP,TN,TN,TN,TN,TN,TN,TN,TN,TN,TN,TN,TN,TN,TN,TN,TN,TN,TN,TN,TN,TN,TN,TN
285,TP,TP,TP,TP,TP,TP,TP,TP,TP,TP,TP,TP,TP,FN,FN,FN,FN,FN,FN,FN,FN,FN,FN,FN,FN,FN
286,FP,FP,FP,TN,TN,TN,TN,TN,TN,TN,TN,TN,TN,TN,TN,TN,TN,TN,TN,TN,TN,TN,TN,TN,TN,TN
287,FP,FP,FP,TN,TN,TN,TN,TN,TN,TN,TN,TN,TN,TN,TN,TN,TN,TN,TN,TN,TN,TN,TN,TN,TN,TN
288,FP,FP,TN,TN,TN,TN,TN,TN,TN,TN,TN,TN,TN,TN,TN,TN,TN,TN,TN,TN,TN,TN,TN,TN,TN,TN
289,FP,FP,FP,TN,TN,TN,TN,TN,TN,TN,TN,TN,TN,TN,TN,TN,TN,TN,TN,TN,TN,TN,TN,TN,TN,TN
290,FP,FP,FP,TN,TN,TN,TN,TN,TN,TN,TN,TN,TN,TN,TN,TN,TN,TN,TN,TN,TN,TN,TN,TN,TN,TN
291,TP,TP,TP,TP,TP,TP,TP,TP,TP,TP,TP,TP,TP,TP,TP,TP,FN,FN,FN,FN,FN,FN,FN,FN,FN,FN
292,FP,FP,TN,TN,TN,TN,TN,TN,TN,TN,TN,TN,TN,TN,TN,TN,TN,TN,TN,TN,TN,TN,TN,TN,TN,TN
293,FP,FP,TN,TN,TN,TN,TN,TN,TN,TN,TN,TN,TN,TN,TN,TN,TN,TN,TN,TN,TN,TN,TN,TN,TN,TN
294,FP,FP,FP,TN,TN,TN,TN,TN,TN,TN,TN,TN,TN,TN,TN,TN,TN,TN,TN,TN,TN,TN,TN,TN,TN,TN
295,FP,FP,FP,TN,TN,TN,TN,TN,TN,TN,TN,TN,TN,TN,TN,TN,TN,TN,TN,TN,TN,TN,TN,TN,TN,TN
296,FP,FP,FP,TN,TN,TN,TN,TN,TN,TN,TN,TN,TN,TN,TN,TN,TN,TN,TN,TN,TN,TN,TN,TN,TN,TN
297,FP,FP,TN,TN,TN,TN,TN,TN,TN,TN,TN,TN,TN,TN,TN,TN,TN,TN,TN,TN,TN,TN,TN,TN,TN,TN
298,TP,TP,TP,TP,TP,TP,TP,TP,TP,TP,TP,TP,TP,TP,TP,TP,TP,TP,TP,TP,FN,FN,FN,FN,FN,FN
299,FP,FP,FP,TN,TN,TN,TN,TN,TN,TN,TN,TN,TN,TN,TN,TN,TN,TN,TN,TN,TN,TN,TN,TN,TN,TN
300,FP,FP,TN,TN,TN,TN,TN,TN,TN,TN,TN,TN,TN,TN,TN,TN,TN,TN,TN,TN,TN,TN,TN,TN,TN,TN
301,FP,FP,TN,TN,TN,TN,TN,TN,TN,TN,TN,TN,TN,TN,TN,TN,TN,TN,TN,TN,TN,TN,TN,TN,TN,TN
302,TP,TP,TP,TP,TP,TP,TP,TP,TP,TP,TP,TP,TP,TP,FN,FN,FN,FN,FN,FN,FN,FN,FN,FN,FN,FN
303,TP,TP,TP,TP,TP,TP,TP,FN,FN,FN,FN,FN,FN,FN,FN,FN,FN,FN,FN,FN,FN,FN,FN,FN,FN,FN
304,FP,FP,TN,TN,TN,TN,TN,TN,TN,TN,TN,TN,TN,TN,TN,TN,TN,TN,TN,TN,TN,TN,TN,TN,TN,TN
305,FP,FP,FP,TN,TN,TN,TN,TN,TN,TN,TN,TN,TN,TN,TN,TN,TN,TN,TN,TN,TN,TN,TN,TN,TN,TN
306,FP,FP,FP,TN,TN,TN,TN,TN,TN,TN,TN,TN,TN,TN,TN,TN,TN,TN,TN,TN,TN,TN,TN,TN,TN,TN
307,FP,FP,FP,TN,TN,TN,TN,TN,TN,TN,TN,TN,TN,TN,TN,TN,TN,TN,TN,TN,TN,TN,TN,TN,TN,TN
308,FP,FP,FP,TN,TN,TN,TN,TN,TN,TN,TN,TN,TN,TN,TN,TN,TN,TN,TN,TN,TN,TN,TN,TN,TN,TN
309,FP,FP,TN,TN,TN,TN,TN,TN,TN,TN,TN,TN,TN,TN,TN,TN,TN,TN,TN,TN,TN,TN,TN,TN,TN,TN
310,FP,FP,FP,TN,TN,TN,TN,TN,TN,TN,TN,TN,TN,TN,TN,TN,TN,TN,TN,TN,TN,TN,TN,TN,TN,TN
311,TP,TP,TP,TP,FN,FN,FN,FN,FN,FN,FN,FN,FN,FN,FN,FN,FN,FN,FN,FN,FN,FN,FN,FN,FN,FN
312,FP,FP,TN,TN,TN,TN,TN,TN,TN,TN,TN,TN,TN,TN,TN,TN,TN,TN,TN,TN,TN,TN,TN,TN,TN,TN
313,FP,FP,TN,TN,TN,TN,TN,TN,TN,TN,TN,TN,TN,TN,TN,TN,TN,TN,TN,TN,TN,TN,TN,TN,TN,TN
314,TP,TP,TP,TP,TP,TP,TP,TP,TP,TP,TP,TP,TP,TP,TP,TP,TP,TP,TP,TP,TP,TP,TP,TP,FN,FN
315,FP,FP,TN,TN,TN,TN,TN,TN,TN,TN,TN,TN,TN,TN,TN,TN,TN,TN,TN,TN,TN,TN,TN,TN,TN,TN
316,FP,FP,FP,TN,TN,TN,TN,TN,TN,TN,TN,TN,TN,TN,TN,TN,TN,TN,TN,TN,TN,TN,TN,TN,TN,TN
317,FP,FP,FP,TN,TN,TN,TN,TN,TN,TN,TN,TN,TN,TN,TN,TN,TN,TN,TN,TN,TN,TN,TN,TN,TN,TN
318,TP,TP,TP,TP,FN,FN,FN,FN,FN,FN,FN,FN,FN,FN,FN,FN,FN,FN,FN,FN,FN,FN,FN,FN,FN,FN
319,TP,TP,TP,TP,TP,TP,TP,TP,TP,TP,TP,TP,FN,FN,FN,FN,FN,FN,FN,FN,FN,FN,FN,FN,FN,FN
320,FP,FP,TN,TN,TN,TN,TN,TN,TN,TN,TN,TN,TN,TN,TN,TN,TN,TN,TN,TN,TN,TN,TN,TN,TN,TN
321,FP,FP,TN,TN,TN,TN,TN,TN,TN,TN,TN,TN,TN,TN,TN,TN,TN,TN,TN,TN,TN,TN,TN,TN,TN,TN
322,TP,TP,TP,TP,FN,FN,FN,FN,FN,FN,FN,FN,FN,FN,FN,FN,FN,FN,FN,FN,FN,FN,FN,FN,FN,FN
323,TP,TP,TP,TP,TP,TP,TP,TP,TP,TP,TP,TP,TP,TP,TP,TP,TP,TP,TP,TP,TP,TP,TP,TP,FN,FN
324,FP,FP,FP,TN,TN,TN,TN,TN,TN,TN,TN,TN,TN,TN,TN,TN,TN,TN,TN,TN,TN,TN,TN,TN,TN,TN
325,FP,FP,FP,TN,TN,TN,TN,TN,TN,TN,TN,TN,TN,TN,TN,TN,TN,TN,TN,TN,TN,TN,TN,TN,TN,TN
326,TP,TP,TP,TP,FN,FN,FN,FN,FN,FN,FN,FN,FN,FN,FN,FN,FN,FN,FN,FN,FN,FN,FN,FN,FN,FN
327,FP,FP,TN,TN,TN,TN,TN,TN,TN,TN,TN,TN,TN,TN,TN,TN,TN,TN,TN,TN,TN,TN,TN,TN,TN,TN
328,FP,FP,FP,TN,TN,TN,TN,TN,TN,TN,TN,TN,TN,TN,TN,TN,TN,TN,TN,TN,TN,TN,TN,TN,TN,TN
329,TP,TP,TP,TP,TP,TP,TP,TP,TP,TP,TP,TP,TP,TP,TP,TP,TP,TP,TP,TP,TP,TP,TP,FN,FN,FN
330,TP,TP,TP,TP,TP,TP,TP,TP,TP,TP,FN,FN,FN,FN,FN,FN,FN,FN,FN,FN,FN,FN,FN,FN,FN,FN
331,FP,FP,TN,TN,TN,TN,TN,TN,TN,TN,TN,TN,TN,TN,TN,TN,TN,TN,TN,TN,TN,TN,TN,TN,TN,TN
332,TP,TP,TP,TP,TP,TP,TP,TP,TP,TP,TP,TP,TP,TP,TP,TP,TP,TP,TP,FN,FN,FN,FN,FN,FN,FN
333,FP,FP,TN,TN,TN,TN,TN,TN,TN,TN,TN,TN,TN,TN,TN,TN,TN,TN,TN,TN,TN,TN,TN,TN,TN,TN
334,FP,FP,FP,TN,TN,TN,TN,TN,TN,TN,TN,TN,TN,TN,TN,TN,TN,TN,TN,TN,TN,TN,TN,TN,TN,TN
335,FP,FP,TN,TN,TN,TN,TN,TN,TN,TN,TN,TN,TN,TN,TN,TN,TN,TN,TN,TN,TN,TN,TN,TN,TN,TN
336,FP,FP,TN,TN,TN,TN,TN,TN,TN,TN,TN,TN,TN,TN,TN,TN,TN,TN,TN,TN,TN,TN,TN,TN,TN,TN
337,TP,TP,TP,TP,TP,TP,TP,TP,TP,TP,TP,TP,TP,TP,TP,TP,TP,TP,TP,TP,TP,TP,FN,FN,FN,FN
338,TP,TP,TP,TP,TP,TP,TP,TP,TP,TP,TP,TP,TP,TP,TP,TP,TP,FN,FN,FN,FN,FN,FN,FN,FN,FN
339,FP,FP,FP,TN,TN,TN,TN,TN,TN,TN,TN,TN,TN,TN,TN,TN,TN,TN,TN,TN,TN,TN,TN,TN,TN,TN
340,FP,FP,TN,TN,TN,TN,TN,TN,TN,TN,TN,TN,TN,TN,TN,TN,TN,TN,TN,TN,TN,TN,TN,TN,TN,TN
341,FP,FP,TN,TN,TN,TN,TN,TN,TN,TN,TN,TN,TN,TN,TN,TN,TN,TN,TN,TN,TN,TN,TN,TN,TN,TN
342,FP,FP,TN,TN,TN,TN,TN,TN,TN,TN,TN,TN,TN,TN,TN,TN,TN,TN,TN,TN,TN,TN,TN,TN,TN,TN
343,FP,FP,FP,TN,TN,TN,TN,TN,TN,TN,TN,TN,TN,TN,TN,TN,TN,TN,TN,TN,TN,TN,TN,TN,TN,TN
344,FP,FP,TN,TN,TN,TN,TN,TN,TN,TN,TN,TN,TN,TN,TN,TN,TN,TN,TN,TN,TN,TN,TN,TN,TN,TN
345,TP,TP,TP,TP,FN,FN,FN,FN,FN,FN,FN,FN,FN,FN,FN,FN,FN,FN,FN,FN,FN,FN,FN,FN,FN,FN
346,FP,TN,TN,TN,TN,TN,TN,TN,TN,TN,TN,TN,TN,TN,TN,TN,TN,TN,TN,TN,TN,TN,TN,TN,TN,TN
347,FP,FP,TN,TN,TN,TN,TN,TN,TN,TN,TN,TN,TN,TN,TN,TN,TN,TN,TN,TN,TN,TN,TN,TN,TN,TN
348,FP,FP,TN,TN,TN,TN,TN,TN,TN,TN,TN,TN,TN,TN,TN,TN,TN,TN,TN,TN,TN,TN,TN,TN,TN,TN
349,TP,TP,TP,TP,TP,TP,TP,TP,TP,FN,FN,FN,FN,FN,FN,FN,FN,FN,FN,FN,FN,FN,FN,FN,FN,FN
350,FP,FP,FP,TN,TN,TN,TN,TN,TN,TN,TN,TN,TN,TN,TN,TN,TN,TN,TN,TN,TN,TN,TN,TN,TN,TN
351,FP,FP,TN,TN,TN,TN,TN,TN,TN,TN,TN,TN,TN,TN,TN,TN,TN,TN,TN,TN,TN,TN,TN,TN,TN,TN
352,FP,FP,FP,TN,TN,TN,TN,TN,TN,TN,TN,TN,TN,TN,TN,TN,TN,TN,TN,TN,TN,TN,TN,TN,TN,TN
353,FP,FP,TN,TN,TN,TN,TN,TN,TN,TN,TN,TN,TN,TN,TN,TN,TN,TN,TN,TN,TN,TN,TN,TN,TN,TN
354,FP,FP,TN,TN,TN,TN,TN,TN,TN,TN,TN,TN,TN,TN,TN,TN,TN,TN,TN,TN,TN,TN,TN,TN,TN,TN
355,FP,FP,TN,TN,TN,TN,TN,TN,TN,TN,TN,TN,TN,TN,TN,TN,TN,TN,TN,TN,TN,TN,TN,TN,TN,TN
356,FP,FP,FP,TN,TN,TN,TN,TN,TN,TN,TN,TN,TN,TN,TN,TN,TN,TN,TN,TN,TN,TN,TN,TN,TN,TN
357,FP,FP,FP,TN,TN,TN,TN,TN,TN,TN,TN,TN,TN,TN,TN,TN,TN,TN,TN,TN,TN,TN,TN,TN,TN,TN
358,FP,FP,FP,TN,TN,TN,TN,TN,TN,TN,TN,TN,TN,TN,TN,TN,TN,TN,TN,TN,TN,TN,TN,TN,TN,TN
359,TP,TP,TP,TP,TP,TP,TP,TP,TP,TP,TP,TP,TP,TP,TP,TP,TP,TP,FN,FN,FN,FN,FN,FN,FN,FN
360,FP,FP,TN,TN,TN,TN,TN,TN,TN,TN,TN,TN,TN,TN,TN,TN,TN,TN,TN,TN,TN,TN,TN,TN,TN,TN
361,FP,FP,FP,TN,TN,TN,TN,TN,TN,TN,TN,TN,TN,TN,TN,TN,TN,TN,TN,TN,TN,TN,TN,TN,TN,TN
362,TP,TP,TP,TP,TP,TP,TP,TP,TP,TP,TP,FN,FN,FN,FN,FN,FN,FN,FN,FN,FN,FN,FN,FN,FN,FN
363,FP,FP,FP,TN,TN,TN,TN,TN,TN,TN,TN,TN,TN,TN,TN,TN,TN,TN,TN,TN,TN,TN,TN,TN,TN,TN
364,TP,TP,TP,TP,TP,TP,TP,TP,TP,TP,TP,TP,TP,TP,TP,TP,TP,TP,TP,FN,FN,FN,FN,FN,FN,FN
365,FP,FP,FP,TN,TN,TN,TN,TN,TN,TN,TN,TN,TN,TN,TN,TN,TN,TN,TN,TN,TN,TN,TN,TN,TN,TN
366,FP,FP,FP,TN,TN,TN,TN,TN,TN,TN,TN,TN,TN,TN,TN,TN,TN,TN,TN,TN,TN,TN,TN,TN,TN,TN
367,FP,FP,FP,TN,TN,TN,TN,TN,TN,TN,TN,TN,TN,TN,TN,TN,TN,TN,TN,TN,TN,TN,TN,TN,TN,TN
368,FP,FP,TN,TN,TN,TN,TN,TN,TN,TN,TN,TN,TN,TN,TN,TN,TN,TN,TN,TN,TN,TN,TN,TN,TN,TN
369,TP,TP,TP,TP,TP,TP,TP,TP,TP,TP,FN,FN,FN,FN,FN,FN,FN,FN,FN,FN,FN,FN,FN,FN,FN,FN
370,FP,FP,FP,TN,TN,TN,TN,TN,TN,TN,TN,TN,TN,TN,TN,TN,TN,TN,TN,TN,TN,TN,TN,TN,TN,TN
371,FP,FP,FP,TN,TN,TN,TN,TN,TN,TN,TN,TN,TN,TN,TN,TN,TN,TN,TN,TN,TN,TN,TN,TN,TN,TN
372,FP,FP,TN,TN,TN,TN,TN,TN,TN,TN,TN,TN,TN,TN,TN,TN,TN,TN,TN,TN,TN,TN,TN,TN,TN,TN
373,TP,TP,TP,TP,TP,TP,TP,TP,TP,TP,TP,FN,FN,FN,FN,FN,FN,FN,FN,FN,FN,FN,FN,FN,FN,FN
374,FP,FP,TN,TN,TN,TN,TN,TN,TN,TN,TN,TN,TN,TN,TN,TN,TN,TN,TN,TN,TN,TN,TN,TN,TN,TN
375,FP,FP,TN,TN,TN,TN,TN,TN,TN,TN,TN,TN,TN,TN,TN,TN,TN,TN,TN,TN,TN,TN,TN,TN,TN,TN
376,FP,FP,FP,TN,TN,TN,TN,TN,TN,TN,TN,TN,TN,TN,TN,TN,TN,TN,TN,TN,TN,TN,TN,TN,TN,TN
377,FP,FP,FP,TN,TN,TN,TN,TN,TN,TN,TN,TN,TN,TN,TN,TN,TN,TN,TN,TN,TN,TN,TN,TN,TN,TN
378,FP,FP,TN,TN,TN,TN,TN,TN,TN,TN,TN,TN,TN,TN,TN,TN,TN,TN,TN,TN,TN,TN,TN,TN,TN,TN
379,FP,FP,TN,TN,TN,TN,TN,TN,TN,TN,TN,TN,TN,TN,TN,TN,TN,TN,TN,TN,TN,TN,TN,TN,TN,TN
380,FP,FP,TN,TN,TN,TN,TN,TN,TN,TN,TN,TN,TN,TN,TN,TN,TN,TN,TN,TN,TN,TN,TN,TN,TN,TN
381,FP,FP,FP,TN,TN,TN,TN,TN,TN,TN,TN,TN,TN,TN,TN,TN,TN,TN,TN,TN,TN,TN,TN,TN,TN,TN
382,FP,FP,TN,TN,TN,TN,TN,TN,TN,TN,TN,TN,TN,TN,TN,TN,TN,TN,TN,TN,TN,TN,TN,TN,TN,TN
383,FP,FP,TN,TN,TN,TN,TN,TN,TN,TN,TN,TN,TN,TN,TN,TN,TN,TN,TN,TN,TN,TN,TN,TN,TN,TN
384,TP,TP,TP,TP,TP,TP,TP,TP,TP,TP,TP,TP,TP,TP,TP,TP,TP,FN,FN,FN,FN,FN,FN,FN,FN,FN
385,TP,TP,TP,TP,FN,FN,FN,FN,FN,FN,FN,FN,FN,FN,FN,FN,FN,FN,FN,FN,FN,FN,FN,FN,FN,FN
386,FP,FP,TN,TN,TN,TN,TN,TN,TN,TN,TN,TN,TN,TN,TN,TN,TN,TN,TN,TN,TN,TN,TN,TN,TN,TN
387,FP,FP,FP,TN,TN,TN,TN,TN,TN,TN,TN,TN,TN,TN,TN,TN,TN,TN,TN,TN,TN,TN,TN,TN,TN,TN
388,TP,TP,TP,TP,TP,TP,TP,TP,TP,TP,TP,TP,TP,TP,TP,TP,FN,FN,FN,FN,FN,FN,FN,FN,FN,FN
389,TP,TP,TP,TP,TP,TP,TP,TP,TP,TP,TP,TP,TP,TP,TP,TP,FN,FN,FN,FN,FN,FN,FN,FN,FN,FN
390,FP,FP,TN,TN,TN,TN,TN,TN,TN,TN,TN,TN,TN,TN,TN,TN,TN,TN,TN,TN,TN,TN,TN,TN,TN,TN
391,FP,FP,FP,TN,TN,TN,TN,TN,TN,TN,TN,TN,TN,TN,TN,TN,TN,TN,TN,TN,TN,TN,TN,TN,TN,TN
392,TP,TP,TP,TP,TP,TP,TP,TP,TP,TP,TP,TP,TP,TP,TP,TP,TP,TP,TP,TP,TP,FN,FN,FN,FN,FN
393,FP,FP,FP,TN,TN,TN,TN,TN,TN,TN,TN,TN,TN,TN,TN,TN,TN,TN,TN,TN,TN,TN,TN,TN,TN,TN
394,TP,TP,TP,TP,TP,TP,TP,TP,TP,TP,TP,TP,TP,TP,TP,TP,TP,TP,FN,FN,FN,FN,FN,FN,FN,FN
395,FP,FP,TN,TN,TN,TN,TN,TN,TN,TN,TN,TN,TN,TN,TN,TN,TN,TN,TN,TN,TN,TN,TN,TN,TN,TN
396,FP,FP,TN,TN,TN,TN,TN,TN,TN,TN,TN,TN,TN,TN,TN,TN,TN,TN,TN,TN,TN,TN,TN,TN,TN,TN
397,TP,TP,TP,TP,FN,FN,FN,FN,FN,FN,FN,FN,FN,FN,FN,FN,FN,FN,FN,FN,FN,FN,FN,FN,FN,FN
398,FP,FP,FP,TN,TN,TN,TN,TN,TN,TN,TN,TN,TN,TN,TN,TN,TN,TN,TN,TN,TN,TN,TN,TN,TN,TN
399,FP,TN,TN,TN,TN,TN,TN,TN,TN,TN,TN,TN,TN,TN,TN,TN,TN,TN,TN,TN,TN,TN,TN,TN,TN,TN
400,TP,TP,TP,TP,TP,TP,TP,TP,TP,TP,TP,TP,TP,TP,TP,TP,TP,TP,TP,TP,TP,TP,TP,FN,FN,FN
401,TP,TP,TP,TP,TP,TP,TP,TP,TP,TP,TP,TP,TP,TP,TP,TP,TP,TP,TP,TP,TP,TP,TP,FN,FN,FN
402,TP,TP,TP,TP,TP,TP,TP,TP,TP,TP,TP,TP,TP,TP,TP,TP,TP,TP,TP,TP,TP,TP,TP,TP,FN,FN
403,FP,FP,TN,TN,TN,TN,TN,TN,TN,TN,TN,TN,TN,TN,TN,TN,TN,TN,TN,TN,TN,TN,TN,TN,TN,TN
404,FP,FP,FP,TN,TN,TN,TN,TN,TN,TN,TN,TN,TN,TN,TN,TN,TN,TN,TN,TN,TN,TN,TN,TN,TN,TN
405,FP,FP,TN,TN,TN,TN,TN,TN,TN,TN,TN,TN,TN,TN,TN,TN,TN,TN,TN,TN,TN,TN,TN,TN,TN,TN
406,FP,FP,TN,TN,TN,TN,TN,TN,TN,TN,TN,TN,TN,TN,TN,TN,TN,TN,TN,TN,TN,TN,TN,TN,TN,TN
407,FP,FP,TN,TN,TN,TN,TN,TN,TN,TN,TN,TN,TN,TN,TN,TN,TN,TN,TN,TN,TN,TN,TN,TN,TN,TN
408,FP,FP,FP,TN,TN,TN,TN,TN,TN,TN,TN,TN,TN,TN,TN,TN,TN,TN,TN,TN,TN,TN,TN,TN,TN,TN
409,TP,TP,TP,TP,TP,TP,TP,TP,TP,TP,TP,FN,FN,FN,FN,FN,FN,FN,FN,FN,FN,FN,FN,FN,FN,FN
410,TP,TP,TP,TP,TP,TP,TP,TP,TP,TP,FN,FN,FN,FN,FN,FN,FN,FN,FN,FN,FN,FN,FN,FN,FN,FN
411,FP,FP,TN,TN,TN,TN,TN,TN,TN,TN,TN,TN,TN,TN,TN,TN,TN,TN,TN,TN,TN,TN,TN,TN,TN,TN
412,FP,FP,FP,TN,TN,TN,TN,TN,TN,TN,TN,TN,TN,TN,TN,TN,TN,TN,TN,TN,TN,TN,TN,TN,TN,TN
413,FP,FP,FP,TN,TN,TN,TN,TN,TN,TN,TN,TN,TN,TN,TN,TN,TN,TN,TN,TN,TN,TN,TN,TN,TN,TN
414,FP,FP,TN,TN,TN,TN,TN,TN,TN,TN,TN,TN,TN,TN,TN,TN,TN,TN,TN,TN,TN,TN,TN,TN,TN,TN
415,FP,TN,TN,TN,TN,TN,TN,TN,TN,TN,TN,TN,TN,TN,TN,TN,TN,TN,TN,TN,TN,TN,TN,TN,TN,TN
416,FP,FP,FP,TN,TN,TN,TN,TN,TN,TN,TN,TN,TN,TN,TN,TN,TN,TN,TN,TN,TN,TN,TN,TN,TN,TN
417,TP,TP,TP,TP,TP,TP,TP,TP,TP,TP,TP,TP,TP,TP,TP,TP,TP,TP,TP,TP,FN,FN,FN,FN,FN,FN
418,TP,TP,TP,TP,TP,TP,TP,TP,TP,TP,TP,TP,TP,TP,TP,TP,TP,FN,FN,FN,FN,FN,FN,FN,FN,FN
419,TP,TP,TP,TP,TP,TP,TP,TP,TP,TP,TP,TP,TP,FN,FN,FN,FN,FN,FN,FN,FN,FN,FN,FN,FN,FN
420,FP,FP,TN,TN,TN,TN,TN,TN,TN,TN,TN,TN,TN,TN,TN,TN,TN,TN,TN,TN,TN,TN,TN,TN,TN,TN
421,FP,FP,TN,TN,TN,TN,TN,TN,TN,TN,TN,TN,TN,TN,TN,TN,TN,TN,TN,TN,TN,TN,TN,TN,TN,TN
422,FP,FP,TN,TN,TN,TN,TN,TN,TN,TN,TN,TN,TN,TN,TN,TN,TN,TN,TN,TN,TN,TN,TN,TN,TN,TN
423,FP,FP,FP,TN,TN,TN,TN,TN,TN,TN,TN,TN,TN,TN,TN,TN,TN,TN,TN,TN,TN,TN,TN,TN,TN,TN
424,FP,FP,FP,TN,TN,TN,TN,TN,TN,TN,TN,TN,TN,TN,TN,TN,TN,TN,TN,TN,TN,TN,TN,TN,TN,TN
425,FP,FP,TN,TN,TN,TN,TN,TN,TN,TN,TN,TN,TN,TN,TN,TN,TN,TN,TN,TN,TN,TN,TN,TN,TN,TN
426,FP,FP,TN,TN,TN,TN,TN,TN,TN,TN,TN,TN,TN,TN,TN,TN,TN,TN,TN,TN,TN,TN,TN,TN,TN,TN
427,FP,FP,FP,TN,TN,TN,TN,TN,TN,TN,TN,TN,TN,TN,TN,TN,TN,TN,TN,TN,TN,TN,TN,TN,TN,TN
428,FP,FP,FP,TN,TN,TN,TN,TN,TN,TN,TN,TN,TN,TN,TN,TN,TN,TN,TN,TN,TN,TN,TN,TN,TN,TN
429,FP,FP,TN,TN,TN,TN,TN,TN,TN,TN,TN,TN,TN,TN,TN,TN,TN,TN,TN,TN,TN,TN,TN,TN,TN,TN
430,FP,FP,TN,TN,TN,TN,TN,TN,TN,TN,TN,TN,TN,TN,TN,TN,TN,TN,TN,TN,TN,TN,TN,TN,TN,TN
431,FP,FP,FP,TN,TN,TN,TN,TN,TN,TN,TN,TN,TN,TN,TN,TN,TN,TN,TN,TN,TN,TN,TN,TN,TN,TN
432,FP,FP,TN,TN,TN,TN,TN,TN,TN,TN,TN,TN,TN,TN,TN,TN,TN,TN,TN,TN,TN,TN,TN,TN,TN,TN
433,FP,FP,TN,TN,TN,TN,TN,TN,TN,TN,TN,TN,TN,TN,TN,TN,TN,TN,TN,TN,TN,TN,TN,TN,TN,TN
434,FP,FP,FP,TN,TN,TN,TN,TN,TN,TN,TN,TN,TN,TN,TN,TN,TN,TN,TN,TN,TN,TN,TN,TN,TN,TN
435,FP,FP,TN,TN,TN,TN,TN,TN,TN,TN,TN,TN,TN,TN,TN,TN,TN,TN,TN,TN,TN,TN,TN,TN,TN,TN
436,FP,FP,TN,TN,TN,TN,TN,TN,TN,TN,TN,TN,TN,TN,TN,TN,TN,TN,TN,TN,TN,TN,TN,TN,TN,TN
437,TP,TP,TP,TP,TP,TP,TP,TP,TP,TP,TP,TP,TP,TP,TP,TP,TP,TP,TP,TP,TP,TP,TP,TP,FN,FN
438,TP,TP,TP,TP,TP,TP,TP,TP,TP,TP,TP,TP,TP,TP,TP,TP,TP,TP,TP,TP,TP,TP,TP,TP,FN,FN
439,TP,TP,TP,TP,TP,FN,FN,FN,FN,FN,FN,FN,FN,FN,FN,FN,FN,FN,FN,FN,FN,FN,FN,FN,FN,FN
440,FP,FP,FP,TN,TN,TN,TN,TN,TN,TN,TN,TN,TN,TN,TN,TN,TN,TN,TN,TN,TN,TN,TN,TN,TN,TN
441,FP,FP,FP,TN,TN,TN,TN,TN,TN,TN,TN,TN,TN,TN,TN,TN,TN,TN,TN,TN,TN,TN,TN,TN,TN,TN
442,FP,FP,FP,TN,TN,TN,TN,TN,TN,TN,TN,TN,TN,TN,TN,TN,TN,TN,TN,TN,TN,TN,TN,TN,TN,TN
443,FP,FP,FP,TN,TN,TN,TN,TN,TN,TN,TN,TN,TN,TN,TN,TN,TN,TN,TN,TN,TN,TN,TN,TN,TN,TN
444,FP,FP,TN,TN,TN,TN,TN,TN,TN,TN,TN,TN,TN,TN,TN,TN,TN,TN,TN,TN,TN,TN,TN,TN,TN,TN
445,TP,TP,TP,TP,TP,TP,TP,TP,TP,TP,TP,TP,TP,TP,TP,TP,TP,TP,TP,TP,TP,TP,TP,FN,FN,FN
446,FP,FP,FP,TN,TN,TN,TN,TN,TN,TN,TN,TN,TN,TN,TN,TN,TN,TN,TN,TN,TN,TN,TN,TN,TN,TN
447,FP,FP,FP,TN,TN,TN,TN,TN,TN,TN,TN,TN,TN,TN,TN,TN,TN,TN,TN,TN,TN,TN,TN,TN,TN,TN
448,FP,FP,FP,TN,TN,TN,TN,TN,TN,TN,TN,TN,TN,TN,TN,TN,TN,TN,TN,TN,TN,TN,TN,TN,TN,TN
449,TP,TP,TP,TP,TP,TP,TP,TP,TP,TP,TP,TP,FN,FN,FN,FN,FN,FN,FN,FN,FN,FN,FN,FN,FN,FN
450,FP,FP,TN,TN,TN,TN,TN,TN,TN,TN,TN,TN,TN,TN,TN,TN,TN,TN,TN,TN,TN,TN,TN,TN,TN,TN
451,FP,FP,TN,TN,TN,TN,TN,TN,TN,TN,TN,TN,TN,TN,TN,TN,TN,TN,TN,TN,TN,TN,TN,TN,TN,TN
452,FP,FP,TN,TN,TN,TN,TN,TN,TN,TN,TN,TN,TN,TN,TN,TN,TN,TN,TN,TN,TN,TN,TN,TN,TN,TN
453,FP,FP,TN,TN,TN,TN,TN,TN,TN,TN,TN,TN,TN,TN,TN,TN,TN,TN,TN,TN,TN,TN,TN,TN,TN,TN
454,FP,FP,TN,TN,TN,TN,TN,TN,TN,TN,TN,TN,TN,TN,TN,TN,TN,TN,TN,TN,TN,TN,TN,TN,TN,TN
455,FP,FP,FP,TN,TN,TN,TN,TN,TN,TN,TN,TN,TN,TN,TN,TN,TN,TN,TN,TN,TN,TN,TN,TN,TN,TN
456,FP,FP,FP,TN,TN,TN,TN,TN,TN,TN,TN,TN,TN,TN,TN,TN,TN,TN,TN,TN,TN,TN,TN,TN,TN,TN
457,FP,FP,FP,TN,TN,TN,TN,TN,TN,TN,TN,TN,TN,TN,TN,TN,TN,TN,TN,TN,TN,TN,TN,TN,TN,TN
458,FP,FP,TN,TN,TN,TN,TN,TN,TN,TN,TN,TN,TN,TN,TN,TN,TN,TN,TN,TN,TN,TN,TN,TN,TN,TN
459,FP,FP,FP,TN,TN,TN,TN,TN,TN,TN,TN,TN,TN,TN,TN,TN,TN,TN,TN,TN,TN,TN,TN,TN,TN,TN
460,FP,FP,TN,TN,TN,TN,TN,TN,TN,TN,TN,TN,TN,TN,TN,TN,TN,TN,TN,TN,TN,TN,TN,TN,TN,TN
461,FP,FP,FP,TN,TN,TN,TN,TN,TN,TN,TN,TN,TN,TN,TN,TN,TN,TN,TN,TN,TN,TN,TN,TN,TN,TN
462,TP,TP,TP,TP,TP,TP,TP,TP,TP,TP,TP,TP,TP,TP,TP,FN,FN,FN,FN,FN,FN,FN,FN,FN,FN,FN
463,TP,TP,TP,TP,TP,TP,TP,TP,TP,TP,TP,TP,TP,TP,TP,TP,TP,TP,TP,TP,FN,FN,FN,FN,FN,FN
464,FP,FP,FP,TN,TN,TN,TN,TN,TN,TN,TN,TN,TN,TN,TN,TN,TN,TN,TN,TN,TN,TN,TN,TN,TN,TN
465,FP,FP,TN,TN,TN,TN,TN,TN,TN,TN,TN,TN,TN,TN,TN,TN,TN,TN,TN,TN,TN,TN,TN,TN,TN,TN
466,FP,FP,FP,TN,TN,TN,TN,TN,TN,TN,TN,TN,TN,TN,TN,TN,TN,TN,TN,TN,TN,TN,TN,TN,TN,TN
467,TP,TP,TP,TP,TP,TP,FN,FN,FN,FN,FN,FN,FN,FN,FN,FN,FN,FN,FN,FN,FN,FN,FN,FN,FN,FN
468,FP,FP,TN,TN,TN,TN,TN,TN,TN,TN,TN,TN,TN,TN,TN,TN,TN,TN,TN,TN,TN,TN,TN,TN,TN,TN
469,FP,FP,FP,TN,TN,TN,TN,TN,TN,TN,TN,TN,TN,TN,TN,TN,TN,TN,TN,TN,TN,TN,TN,TN,TN,TN
470,FP,FP,TN,TN,TN,TN,TN,TN,TN,TN,TN,TN,TN,TN,TN,TN,TN,TN,TN,TN,TN,TN,TN,TN,TN,TN
471,FP,FP,TN,TN,TN,TN,TN,TN,TN,TN,TN,TN,TN,TN,TN,TN,TN,TN,TN,TN,TN,TN,TN,TN,TN,TN
472,FP,FP,FP,TN,TN,TN,TN,TN,TN,TN,TN,TN,TN,TN,TN,TN,TN,TN,TN,TN,TN,TN,TN,TN,TN,TN
473,FP,FP,TN,TN,TN,TN,TN,TN,TN,TN,TN,TN,TN,TN,TN,TN,TN,TN,TN,TN,TN,TN,TN,TN,TN,TN
474,TP,TP,TP,TP,TP,TP,TP,TP,TP,TP,TP,TP,FN,FN,FN,FN,FN,FN,FN,FN,FN,FN,FN,FN,FN,FN
475,FP,FP,FP,TN,TN,TN,TN,TN,TN,TN,TN,TN,TN,TN,TN,TN,TN,TN,TN,TN,TN,TN,TN,TN,TN,TN
476,FP,FP,FP,TN,TN,TN,TN,TN,TN,TN,TN,TN,TN,TN,TN,TN,TN,TN,TN,TN,TN,TN,TN,TN,TN,TN
477,FP,FP,TN,TN,TN,TN,TN,TN,TN,TN,TN,TN,TN,TN,TN,TN,TN,TN,TN,TN,TN,TN,TN,TN,TN,TN
478,TP,TP,TP,TP,TP,TP,TP,TP,TP,TP,TP,TP,TP,TP,TP,TP,TP,TP,TP,TP,TP,TP,TP,TP,FN,FN
479,FP,FP,FP,TN,TN,TN,TN,TN,TN,TN,TN,TN,TN,TN,TN,TN,TN,TN,TN,TN,TN,TN,TN,TN,TN,TN
480,TP,TP,TP,TP,TP,TP,TP,TP,TP,TP,TP,TP,TP,TP,TP,TP,FN,FN,FN,FN,FN,FN,FN,FN,FN,FN
481,FP,FP,FP,TN,TN,TN,TN,TN,TN,TN,TN,TN,TN,TN,TN,TN,TN,TN,TN,TN,TN,TN,TN,TN,TN,TN
482,FP,FP,TN,TN,TN,TN,TN,TN,TN,TN,TN,TN,TN,TN,TN,TN,TN,TN,TN,TN,TN,TN,TN,TN,TN,TN
483,FP,FP,FP,TN,TN,TN,TN,TN,TN,TN,TN,TN,TN,TN,TN,TN,TN,TN,TN,TN,TN,TN,TN,TN,TN,TN
484,TP,TP,TP,TP,TP,TP,TP,TP,TP,TP,TP,TP,TP,TP,TP,TP,TP,TP,TP,TP,TP,TP,TP,TP,FN,FN
485,FP,FP,TN,TN,TN,TN,TN,TN,TN,TN,TN,TN,TN,TN,TN,TN,TN,TN,TN,TN,TN,TN,TN,TN,TN,TN
486,FP,FP,TN,TN,TN,TN,TN,TN,TN,TN,TN,TN,TN,TN,TN,TN,TN,TN,TN,TN,TN,TN,TN,TN,TN,TN
487,TP,TP,TP,TP,TP,TP,TP,TP,TP,TP,TP,TP,TP,TP,TP,TP,TP,FN,FN,FN,FN,FN,FN,FN,FN,FN
488,FP,FP,TN,TN,TN,TN,TN,TN,TN,TN,TN,TN,TN,TN,TN,TN,TN,TN,TN,TN,TN,TN,TN,TN,TN,TN
489,FP,FP,TN,TN,TN,TN,TN,TN,TN,TN,TN,TN,TN,TN,TN,TN,TN,TN,TN,TN,TN,TN,TN,TN,TN,TN
490,FP,FP,FP,TN,TN,TN,TN,TN,TN,TN,TN,TN,TN,TN,TN,TN,TN,TN,TN,TN,TN,TN,TN,TN,TN,TN
491,FP,FP,FP,TN,TN,TN,TN,TN,TN,TN,TN,TN,TN,TN,TN,TN,TN,TN,TN,TN,TN,TN,TN,TN,TN,TN
492,FP,FP,FP,TN,TN,TN,TN,TN,TN,TN,TN,TN,TN,TN,TN,TN,TN,TN,TN,TN,TN,TN,TN,TN,TN,TN
493,FP,FP,TN,TN,TN,TN,TN,TN,TN,TN,TN,TN,TN,TN,TN,TN,TN,TN,TN,TN,TN,TN,TN,TN,TN,TN
494,TP,TP,TP,TP,FN,FN,FN,FN,FN,FN,FN,FN,FN,FN,FN,FN,FN,FN,FN,FN,FN,FN,FN,FN,FN,FN
495,TP,TP,TP,TP,TP,TP,TP,TP,TP,TP,TP,TP,FN,FN,FN,FN,FN,FN,FN,FN,FN,FN,FN,FN,FN,FN
496,FP,FP,TN,TN,TN,TN,TN,TN,TN,TN,TN,TN,TN,TN,TN,TN,TN,TN,TN,TN,TN,TN,TN,TN,TN,TN
497,FP,FP,TN,TN,TN,TN,TN,TN,TN,TN,TN,TN,TN,TN,TN,TN,TN,TN,TN,TN,TN,TN,TN,TN,TN,TN
498,FP,FP,FP,TN,TN,TN,TN,TN,TN,TN,TN,TN,TN,TN,TN,TN,TN,TN,TN,TN,TN,TN,TN,TN,TN,TN
499,FP,FP,TN,TN,TN,TN,TN,TN,TN,TN,TN,TN,TN,TN,TN,TN,TN,TN,TN,TN,TN,TN,TN,TN,TN,TN
500,FP,FP,FP,TN,TN,TN,TN,TN,TN,TN,TN,TN,TN,TN,TN,TN,TN,TN,TN,TN,TN,TN,TN,TN,TN,TN
501,FP,FP,TN,TN,TN,TN,TN,TN,TN,TN,TN,TN,TN,TN,TN,TN,TN,TN,TN,TN,TN,TN,TN,TN,TN,TN
502,FP,FP,TN,TN,TN,TN,TN,TN,TN,TN,TN,TN,TN,TN,TN,TN,TN,TN,TN,TN,TN,TN,TN,TN,TN,TN
503,TP,TP,TP,TP,TP,TP,TP,TP,TP,TP,TP,FN,FN,FN,FN,FN,FN,FN,FN,FN,FN,FN,FN,FN,FN,FN
504,TP,TP,TP,TP,TP,TP,TP,TP,TP,TP,TP,TP,TP,TP,TP,TP,TP,FN,FN,FN,FN,FN,FN,FN,FN,FN
505,TP,TP,TP,TP,TP,TP,TP,TP,TP,TP,TP,TP,TP,TP,TP,TP,TP,TP,TP,FN,FN,FN,FN,FN,FN,FN
506,FP,FP,TN,TN,TN,TN,TN,TN,TN,TN,TN,TN,TN,TN,TN,TN,TN,TN,TN,TN,TN,TN,TN,TN,TN,TN
507,FP,FP,TN,TN,TN,TN,TN,TN,TN,TN,TN,TN,TN,TN,TN,TN,TN,TN,TN,TN,TN,TN,TN,TN,TN,TN
508,TP,TP,TP,TP,TP,TP,TP,TP,TP,TP,FN,FN,FN,FN,FN,FN,FN,FN,FN,FN,FN,FN,FN,FN,FN,FN
509,TP,TP,TP,TP,TP,TP,TP,TP,TP,TP,TP,TP,TP,TP,TP,TP,FN,FN,FN,FN,FN,FN,FN,FN,FN,FN
510,TP,TP,TP,TP,TP,TP,TP,TP,TP,TP,TP,TP,TP,TP,TP,TP,TP,TP,TP,TP,TP,FN,FN,FN,FN,FN
511,FP,FP,TN,TN,TN,TN,TN,TN,TN,TN,TN,TN,TN,TN,TN,TN,TN,TN,TN,TN,TN,TN,TN,TN,TN,TN
512,FP,FP,FP,TN,TN,TN,TN,TN,TN,TN,TN,TN,TN,TN,TN,TN,TN,TN,TN,TN,TN,TN,TN,TN,TN,TN
513,TP,TP,TP,TP,TP,TP,TP,TP,TP,TP,TP,FN,FN,FN,FN,FN,FN,FN,FN,FN,FN,FN,FN,FN,FN,FN
514,FP,FP,FP,TN,TN,TN,TN,TN,TN,TN,TN,TN,TN,TN,TN,TN,TN,TN,TN,TN,TN,TN,TN,TN,TN,TN
515,TP,TP,TP,TP,TP,TP,TP,TP,TP,TP,FN,FN,FN,FN,FN,FN,FN,FN,FN,FN,FN,FN,FN,FN,FN,FN
516,FP,FP,FP,TN,TN,TN,TN,TN,TN,TN,TN,TN,TN,TN,TN,TN,TN,TN,TN,TN,TN,TN,TN,TN,TN,TN
517,FP,FP,FP,TN,TN,TN,TN,TN,TN,TN,TN,TN,TN,TN,TN,TN,TN,TN,TN,TN,TN,TN,TN,TN,TN,TN
518,FP,FP,TN,TN,TN,TN,TN,TN,TN,TN,TN,TN,TN,TN,TN,TN,TN,TN,TN,TN,TN,TN,TN,TN,TN,TN
519,FP,FP,TN,TN,TN,TN,TN,TN,TN,TN,TN,TN,TN,TN,TN,TN,TN,TN,TN,TN,TN,TN,TN,TN,TN,TN
520,TP,TP,TP,TP,TP,TP,TP,TP,TP,TP,TP,TP,TP,TP,FN,FN,FN,FN,FN,FN,FN,FN,FN,FN,FN,FN
521,FP,FP,FP,TN,TN,TN,TN,TN,TN,TN,TN,TN,TN,TN,TN,TN,TN,TN,TN,TN,TN,TN,TN,TN,TN,TN
522,FP,FP,TN,TN,TN,TN,TN,TN,TN,TN,TN,TN,TN,TN,TN,TN,TN,TN,TN,TN,TN,TN,TN,TN,TN,TN
523,FP,FP,TN,TN,TN,TN,TN,TN,TN,TN,TN,TN,TN,TN,TN,TN,TN,TN,TN,TN,TN,TN,TN,TN,TN,TN
524,FP,FP,FP,TN,TN,TN,TN,TN,TN,TN,TN,TN,TN,TN,TN,TN,TN,TN,TN,TN,TN,TN,TN,TN,TN,TN
525,TP,TP,TP,TP,TP,TP,TP,TP,TP,TP,TP,TP,TP,TP,TP,TP,TP,TP,FN,FN,FN,FN,FN,FN,FN,FN
526,TP,TP,TP,TP,TP,TP,TP,TP,TP,TP,TP,TP,TP,TP,TP,TP,TP,TP,TP,FN,FN,FN,FN,FN,FN,FN
527,FP,FP,FP,TN,TN,TN,TN,TN,TN,TN,TN,TN,TN,TN,TN,TN,TN,TN,TN,TN,TN,TN,TN,TN,TN,TN
528,FP,FP,FP,TN,TN,TN,TN,TN,TN,TN,TN,TN,TN,TN,TN,TN,TN,TN,TN,TN,TN,TN,TN,TN,TN,TN
529,FP,FP,FP,TN,TN,TN,TN,TN,TN,TN,TN,TN,TN,TN,TN,TN,TN,TN,TN,TN,TN,TN,TN,TN,TN,TN
530,FP,FP,FP,TN,TN,TN,TN,TN,TN,TN,TN,TN,TN,TN,TN,TN,TN,TN,TN,TN,TN,TN,TN,TN,TN,TN
531,FP,FP,FP,TN,TN,TN,TN,TN,TN,TN,TN,TN,TN,TN,TN,TN,TN,TN,TN,TN,TN,TN,TN,TN,TN,TN
532,FP,FP,TN,TN,TN,TN,TN,TN,TN,TN,TN,TN,TN,TN,TN,TN,TN,TN,TN,TN,TN,TN,TN,TN,TN,TN
533,TP,TP,TP,TP,TP,TP,TP,TP,TP,TP,TP,FN,FN,FN,FN,FN,FN,FN,FN,FN,FN,FN,FN,FN,FN,FN
534,TP,TP,TP,TP,TP,TP,TP,TP,TP,TP,TP,TP,TP,TP,TP,TP,TP,TP,TP,TP,TP,TP,TP,FN,FN,FN
535,TP,TP,TP,TP,TP,TP,TP,TP,TP,TP,TP,FN,FN,FN,FN,FN,FN,FN,FN,FN,FN,FN,FN,FN,FN,FN
536,TP,TP,TP,TP,TP,TP,TP,TP,TP,TP,TP,TP,FN,FN,FN,FN,FN,FN,FN,FN,FN,FN,FN,FN,FN,FN
537,FP,FP,TN,TN,TN,TN,TN,TN,TN,TN,TN,TN,TN,TN,TN,TN,TN,TN,TN,TN,TN,TN,TN,TN,TN,TN
538,TP,TP,TP,TP,FN,FN,FN,FN,FN,FN,FN,FN,FN,FN,FN,FN,FN,FN,FN,FN,FN,FN,FN,FN,FN,FN
539,FP,FP,FP,TN,TN,TN,TN,TN,TN,TN,TN,TN,TN,TN,TN,TN,TN,TN,TN,TN,TN,TN,TN,TN,TN,TN
540,FP,FP,TN,TN,TN,TN,TN,TN,TN,TN,TN,TN,TN,TN,TN,TN,TN,TN,TN,TN,TN,TN,TN,TN,TN,TN
541,FP,FP,TN,TN,TN,TN,TN,TN,TN,TN,TN,TN,TN,TN,TN,TN,TN,TN,TN,TN,TN,TN,TN,TN,TN,TN
542,FP,FP,FP,TN,TN,TN,TN,TN,TN,TN,TN,TN,TN,TN,TN,TN,TN,TN,TN,TN,TN,TN,TN,TN,TN,TN
543,FP,FP,FP,TN,TN,TN,TN,TN,TN,TN,TN,TN,TN,TN,TN,TN,TN,TN,TN,TN,TN,TN,TN,TN,TN,TN
544,FP,FP,TN,TN,TN,TN,TN,TN,TN,TN,TN,TN,TN,TN,TN,TN,TN,TN,TN,TN,TN,TN,TN,TN,TN,TN
545,FP,FP,TN,TN,TN,TN,TN,TN,TN,TN,TN,TN,TN,TN,TN,TN,TN,TN,TN,TN,TN,TN,TN,TN,TN,TN
546,FP,FP,FP,TN,TN,TN,TN,TN,TN,TN,TN,TN,TN,TN,TN,TN,TN,TN,TN,TN,TN,TN,TN,TN,TN,TN
547,FP,FP,FP,TN,TN,TN,TN,TN,TN,TN,TN,TN,TN,TN,TN,TN,TN,TN,TN,TN,TN,TN,TN,TN,TN,TN
548,TP,TP,TP,TP,TP,TP,TP,TP,TP,TP,TP,TP,TP,TP,TP,TP,TP,TP,TP,FN,FN,FN,FN,FN,FN,FN
549,FP,FP,FP,TN,TN,TN,TN,TN,TN,TN,TN,TN,TN,TN,TN,TN,TN,TN,TN,TN,TN,TN,TN,TN,TN,TN
550,FP,FP,TN,TN,TN,TN,TN,TN,TN,TN,TN,TN,TN,TN,TN,TN,TN,TN,TN,TN,TN,TN,TN,TN,TN,TN
551,FP,FP,FP,TN,TN,TN,TN,TN,TN,TN,TN,TN,TN,TN,TN,TN,TN,TN,TN,TN,TN,TN,TN,TN,TN,TN
552,FP,FP,FP,TN,TN,TN,TN,TN,TN,TN,TN,TN,TN,TN,TN,TN,TN,TN,TN,TN,TN,TN,TN,TN,TN,TN
553,FP,FP,FP,TN,TN,TN,TN,TN,TN,TN,TN,TN,TN,TN,TN,TN,TN,TN,TN,TN,TN,TN,TN,TN,TN,TN
554,FP,FP,TN,TN,TN,TN,TN,TN,TN,TN,TN,TN,TN,TN,TN,TN,TN,TN,TN,TN,TN,TN,TN,TN,TN,TN
555,FP,FP,TN,TN,TN,TN,TN,TN,TN,TN,TN,TN,TN,TN,TN,TN,TN,TN,TN,TN,TN,TN,TN,TN,TN,TN
556,FP,FP,TN,TN,TN,TN,TN,TN,TN,TN,TN,TN,TN,TN,TN,TN,TN,TN,TN,TN,TN,TN,TN,TN,TN,TN
557,TP,TP,TP,TP,TP,TP,TP,TP,TP,TP,TP,TP,TP,TP,TP,TP,FN,FN,FN,FN,FN,FN,FN,FN,FN,FN
558,FP,FP,FP,TN,TN,TN,TN,TN,TN,TN,TN,TN,TN,TN,TN,TN,TN,TN,TN,TN,TN,TN,TN,TN,TN,TN
559,FP,FP,FP,TN,TN,TN,TN,TN,TN,TN,TN,TN,TN,TN,TN,TN,TN,TN,TN,TN,TN,TN,TN,TN,TN,TN
560,FP,FP,FP,TN,TN,TN,TN,TN,TN,TN,TN,TN,TN,TN,TN,TN,TN,TN,TN,TN,TN,TN,TN,TN,TN,TN
561,TP,TP,TP,TP,TP,TP,TP,TP,TP,TP,TP,TP,TP,TP,TP,TP,TP,TP,TP,TP,TP,TP,TP,FN,FN,FN
562,FP,FP,FP,TN,TN,TN,TN,TN,TN,TN,TN,TN,TN,TN,TN,TN,TN,TN,TN,TN,TN,TN,TN,TN,TN,TN
563,FP,FP,TN,TN,TN,TN,TN,TN,TN,TN,TN,TN,TN,TN,TN,TN,TN,TN,TN,TN,TN,TN,TN,TN,TN,TN
564,FP,FP,TN,TN,TN,TN,TN,TN,TN,TN,TN,TN,TN,TN,TN,TN,TN,TN,TN,TN,TN,TN,TN,TN,TN,TN
565,FP,FP,TN,TN,TN,TN,TN,TN,TN,TN,TN,TN,TN,TN,TN,TN,TN,TN,TN,TN,TN,TN,TN,TN,TN,TN
566,FP,FP,TN,TN,TN,TN,TN,TN,TN,TN,TN,TN,TN,TN,TN,TN,TN,TN,TN,TN,TN,TN,TN,TN,TN,TN
567,TP,TP,TP,TP,TP,TP,TP,TP,TP,TP,TP,TP,FN,FN,FN,FN,FN,FN,FN,FN,FN,FN,FN,FN,FN,FN
568,FP,FP,FP,TN,TN,TN,TN,TN,TN,TN,TN,TN,TN,TN,TN,TN,TN,TN,TN,TN,TN,TN,TN,TN,TN,TN
569,FP,FP,FP,TN,TN,TN,TN,TN,TN,TN,TN,TN,TN,TN,TN,TN,TN,TN,TN,TN,TN,TN,TN,TN,TN,TN
570,FP,FP,TN,TN,TN,TN,TN,TN,TN,TN,TN,TN,TN,TN,TN,TN,TN,TN,TN,TN,TN,TN,TN,TN,TN,TN
571,FP,FP,FP,TN,TN,TN,TN,TN,TN,TN,TN,TN,TN,TN,TN,TN,TN,TN,TN,TN,TN,TN,TN,TN,TN,TN
572,TP,TP,TP,TP,TP,TP,TP,TP,TP,TP,TP,TP,TP,TP,TP,TP,TP,TP,TP,TP,TP,TP,TP,TP,FN,FN
573,FP,FP,TN,TN,TN,TN,TN,TN,TN,TN,TN,TN,TN,TN,TN,TN,TN,TN,TN,TN,TN,TN,TN,TN,TN,TN
574,FP,FP,FP,TN,TN,TN,TN,TN,TN,TN,TN,TN,TN,TN,TN,TN,TN,TN,TN,TN,TN,TN,TN,TN,TN,TN
575,FP,FP,TN,TN,TN,TN,TN,TN,TN,TN,TN,TN,TN,TN,TN,TN,TN,TN,TN,TN,TN,TN,TN,TN,TN,TN
576,FP,FP,FP,TN,TN,TN,TN,TN,TN,TN,TN,TN,TN,TN,TN,TN,TN,TN,TN,TN,TN,TN,TN,TN,TN,TN
577,TP,TP,TP,TP,TP,TP,TP,TP,TP,TP,TP,TP,TP,TP,TP,FN,FN,FN,FN,FN,FN,FN,FN,FN,FN,FN
578,FP,FP,FP,TN,TN,TN,TN,TN,TN,TN,TN,TN,TN,TN,TN,TN,TN,TN,TN,TN,TN,TN,TN,TN,TN,TN
579,TP,TP,TP,TP,TP,TP,TP,TP,TP,TP,TP,TP,TP,TP,FN,FN,FN,FN,FN,FN,FN,FN,FN,FN,FN,FN
580,FP,FP,FP,TN,TN,TN,TN,TN,TN,TN,TN,TN,TN,TN,TN,TN,TN,TN,TN,TN,TN,TN,TN,TN,TN,TN
581,TP,TP,TP,TP,TP,TP,TP,TP,TP,TP,TP,TP,TP,TP,TP,TP,TP,TP,FN,FN,FN,FN,FN,FN,FN,FN
582,TP,TP,TP,TP,TP,TP,TP,TP,TP,TP,TP,TP,TP,TP,FN,FN,FN,FN,FN,FN,FN,FN,FN,FN,FN,FN
583,FP,FP,TN,TN,TN,TN,TN,TN,TN,TN,TN,TN,TN,TN,TN,TN,TN,TN,TN,TN,TN,TN,TN,TN,TN,TN
584,FP,FP,FP,TN,TN,TN,TN,TN,TN,TN,TN,TN,TN,TN,TN,TN,TN,TN,TN,TN,TN,TN,TN,TN,TN,TN
585,TP,TP,TP,TP,TP,TP,TP,TP,TP,TP,TP,FN,FN,FN,FN,FN,FN,FN,FN,FN,FN,FN,FN,FN,FN,FN
586,FP,FP,FP,TN,TN,TN,TN,TN,TN,TN,TN,TN,TN,TN,TN,TN,TN,TN,TN,TN,TN,TN,TN,TN,TN,TN
587,FP,FP,TN,TN,TN,TN,TN,TN,TN,TN,TN,TN,TN,TN,TN,TN,TN,TN,TN,TN,TN,TN,TN,TN,TN,TN
588,FP,FP,TN,TN,TN,TN,TN,TN,TN,TN,TN,TN,TN,TN,TN,TN,TN,TN,TN,TN,TN,TN,TN,TN,TN,TN
589,FP,FP,TN,TN,TN,TN,TN,TN,TN,TN,TN,TN,TN,TN,TN,TN,TN,TN,TN,TN,TN,TN,TN,TN,TN,TN
590,FP,FP,TN,TN,TN,TN,TN,TN,TN,TN,TN,TN,TN,TN,TN,TN,TN,TN,TN,TN,TN,TN,TN,TN,TN,TN
591,TP,TP,TP,TP,TP,TP,TP,TP,TP,TP,TP,TP,TP,TP,TP,TP,TP,FN,FN,FN,FN,FN,FN,FN,FN,FN
592,FP,TN,TN,TN,TN,TN,TN,TN,TN,TN,TN,TN,TN,TN,TN,TN,TN,TN,TN,TN,TN,TN,TN,TN,TN,TN
593,FP,FP,FP,TN,TN,TN,TN,TN,TN,TN,TN,TN,TN,TN,TN,TN,TN,TN,TN,TN,TN,TN,TN,TN,TN,TN
594,TP,TP,TP,TP,TP,TP,TP,TP,TP,TP,TP,TP,FN,FN,FN,FN,FN,FN,FN,FN,FN,FN,FN,FN,FN,FN
595,TP,TP,TP,TP,FN,FN,FN,FN,FN,FN,FN,FN,FN,FN,FN,FN,FN,FN,FN,FN,FN,FN,FN,FN,FN,FN
596,FP,FP,TN,TN,TN,TN,TN,TN,TN,TN,TN,TN,TN,TN,TN,TN,TN,TN,TN,TN,TN,TN,TN,TN,TN,TN
597,FP,FP,TN,TN,TN,TN,TN,TN,TN,TN,TN,TN,TN,TN,TN,TN,TN,TN,TN,TN,TN,TN,TN,TN,TN,TN
598,FP,FP,FP,TN,TN,TN,TN,TN,TN,TN,TN,TN,TN,TN,TN,TN,TN,TN,TN,TN,TN,TN,TN,TN,TN,TN
599,FP,FP,TN,TN,TN,TN,TN,TN,TN,TN,TN,TN,TN,TN,TN,TN,TN,TN,TN,TN,TN,TN,TN,TN,TN,TN
600,TP,TP,TP,TP,TP,TP,TP,TP,TP,TP,TP,TP,TP,TP,TP,TP,TP,TP,TP,TP,TP,TP,TP,TP,TP,FN
601,FP,FP,FP,TN,TN,TN,TN,TN,TN,TN,TN,TN,TN,TN,TN,TN,TN,TN,TN,TN,TN,TN,TN,TN,TN,TN
602,TP,TP,TP,TP,TP,TP,TP,TP,TP,TP,TP,TP,FN,FN,FN,FN,FN,FN,FN,FN,FN,FN,FN,FN,FN,FN
603,FP,FP,FP,TN,TN,TN,TN,TN,TN,TN,TN,TN,TN,TN,TN,TN,TN,TN,TN,TN,TN,TN,TN,TN,TN,TN
604,TP,TP,TP,TP,TP,TP,TP,TP,TP,TP,TP,TP,TP,TP,TP,TP,TP,TP,TP,TP,TP,TP,TP,TP,FN,FN
605,FP,FP,FP,TN,TN,TN,TN,TN,TN,TN,TN,TN,TN,TN,TN,TN,TN,TN,TN,TN,TN,TN,TN,TN,TN,TN
606,FP,FP,TN,TN,TN,TN,TN,TN,TN,TN,TN,TN,TN,TN,TN,TN,TN,TN,TN,TN,TN,TN,TN,TN,TN,TN
607,FP,FP,FP,TN,TN,TN,TN,TN,TN,TN,TN,TN,TN,TN,TN,TN,TN,TN,TN,TN,TN,TN,TN,TN,TN,TN
608,FP,FP,FP,TN,TN,TN,TN,TN,TN,TN,TN,TN,TN,TN,TN,TN,TN,TN,TN,TN,TN,TN,TN,TN,TN,TN
609,FP,FP,FP,TN,TN,TN,TN,TN,TN,TN,TN,TN,TN,TN,TN,TN,TN,TN,TN,TN,TN,TN,TN,TN,TN,TN
610,FP,FP,FP,TN,TN,TN,TN,TN,TN,TN,TN,TN,TN,TN,TN,TN,TN,TN,TN,TN,TN,TN,TN,TN,TN,TN
611,FP,FP,FP,TN,TN,TN,TN,TN,TN,TN,TN,TN,TN,TN,TN,TN,TN,TN,TN,TN,TN,TN,TN,TN,TN,TN
612,TP,TP,TP,TP,TP,TP,TP,TP,TP,TP,TP,TP,FN,FN,FN,FN,FN,FN,FN,FN,FN,FN,FN,FN,FN,FN
613,FP,FP,TN,TN,TN,TN,TN,TN,TN,TN,TN,TN,TN,TN,TN,TN,TN,TN,TN,TN,TN,TN,TN,TN,TN,TN
614,FP,FP,FP,TN,TN,TN,TN,TN,TN,TN,TN,TN,TN,TN,TN,TN,TN,TN,TN,TN,TN,TN,TN,TN,TN,TN
615,FP,FP,TN,TN,TN,TN,TN,TN,TN,TN,TN,TN,TN,TN,TN,TN,TN,TN,TN,TN,TN,TN,TN,TN,TN,TN
616,FP,FP,FP,TN,TN,TN,TN,TN,TN,TN,TN,TN,TN,TN,TN,TN,TN,TN,TN,TN,TN,TN,TN,TN,TN,TN
617,FP,FP,FP,TN,TN,TN,TN,TN,TN,TN,TN,TN,TN,TN,TN,TN,TN,TN,TN,TN,TN,TN,TN,TN,TN,TN
618,TP,TP,TP,TP,TP,TP,TP,TP,TP,TP,TP,TP,TP,FN,FN,FN,FN,FN,FN,FN,FN,FN,FN,FN,FN,FN
619,FP,FP,TN,TN,TN,TN,TN,TN,TN,TN,TN,TN,TN,TN,TN,TN,TN,TN,TN,TN,TN,TN,TN,TN,TN,TN
620,TP,TP,TP,TP,TP,TP,TP,TP,TP,TP,TP,TP,TP,TP,TP,TP,TP,TP,TP,TP,TP,TP,TP,FN,FN,FN
621,FP,FP,FP,TN,TN,TN,TN,TN,TN,TN,TN,TN,TN,TN,TN,TN,TN,TN,TN,TN,TN,TN,TN,TN,TN,TN
622,FP,FP,TN,TN,TN,TN,TN,TN,TN,TN,TN,TN,TN,TN,TN,TN,TN,TN,TN,TN,TN,TN,TN,TN,TN,TN
623,FP,FP,TN,TN,TN,TN,TN,TN,TN,TN,TN,TN,TN,TN,TN,TN,TN,TN,TN,TN,TN,TN,TN,TN,TN,TN
624,FP,FP,TN,TN,TN,TN,TN,TN,TN,TN,TN,TN,TN,TN,TN,TN,TN,TN,TN,TN,TN,TN,TN,TN,TN,TN
625,FP,FP,TN,TN,TN,TN,TN,TN,TN,TN,TN,TN,TN,TN,TN,TN,TN,TN,TN,TN,TN,TN,TN,TN,TN,TN
626,TP,TP,TP,TP,TP,TP,TP,TP,TP,TP,TP,TP,TP,TP,TP,TP,TP,TP,TP,TP,TP,TP,TP,FN,FN,FN
627,FP,FP,TN,TN,TN,TN,TN,TN,TN,TN,TN,TN,TN,TN,TN,TN,TN,TN,TN,TN,TN,TN,TN,TN,TN,TN
628,FP,FP,FP,TN,TN,TN,TN,TN,TN,TN,TN,TN,TN,TN,TN,TN,TN,TN,TN,TN,TN,TN,TN,TN,TN,TN
629,TP,TP,TP,TP,TP,TP,TP,TP,TP,TP,TP,TP,TP,TP,TP,TP,FN,FN,FN,FN,FN,FN,FN,FN,FN,FN
630,FP,TN,TN,TN,TN,TN,TN,TN,TN,TN,TN,TN,TN,TN,TN,TN,TN,TN,TN,TN,TN,TN,TN,TN,TN,TN
631,FP,FP,FP,TN,TN,TN,TN,TN,TN,TN,TN,TN,TN,TN,TN,TN,TN,TN,TN,TN,TN,TN,TN,TN,TN,TN
632,FP,FP,FP,TN,TN,TN,TN,TN,TN,TN,TN,TN,TN,TN,TN,TN,TN,TN,TN,TN,TN,TN,TN,TN,TN,TN
633,FP,FP,TN,TN,TN,TN,TN,TN,TN,TN,TN,TN,TN,TN,TN,TN,TN,TN,TN,TN,TN,TN,TN,TN,TN,TN
634,FP,FP,TN,TN,TN,TN,TN,TN,TN,TN,TN,TN,TN,TN,TN,TN,TN,TN,TN,TN,TN,TN,TN,TN,TN,TN
635,TP,TP,TP,TP,TP,TP,TP,TP,TP,TP,TP,TP,TP,TP,TP,TP,TP,FN,FN,FN,FN,FN,FN,FN,FN,FN
636,FP,FP,FP,TN,TN,TN,TN,TN,TN,TN,TN,TN,TN,TN,TN,TN,TN,TN,TN,TN,TN,TN,TN,TN,TN,TN
637,FP,FP,TN,TN,TN,TN,TN,TN,TN,TN,TN,TN,TN,TN,TN,TN,TN,TN,TN,TN,TN,TN,TN,TN,TN,TN
638,FP,FP,TN,TN,TN,TN,TN,TN,TN,TN,TN,TN,TN,TN,TN,TN,TN,TN,TN,TN,TN,TN,TN,TN,TN,TN
639,FP,FP,TN,TN,TN,TN,TN,TN,TN,TN,TN,TN,TN,TN,TN,TN,TN,TN,TN,TN,TN,TN,TN,TN,TN,TN
640,FP,FP,FP,TN,TN,TN,TN,TN,TN,TN,TN,TN,TN,TN,TN,TN,TN,TN,TN,TN,TN,TN,TN,TN,TN,TN
641,TP,TP,TP,TP,TP,TP,TP,FN,FN,FN,FN,FN,FN,FN,FN,FN,FN,FN,FN,FN,FN,FN,FN,FN,FN,FN
642,FP,FP,FP,TN,TN,TN,TN,TN,TN,TN,TN,TN,TN,TN,TN,TN,TN,TN,TN,TN,TN,TN,TN,TN,TN,TN
643,FP,FP,FP,TN,TN,TN,TN,TN,TN,TN,TN,TN,TN,TN,TN,TN,TN,TN,TN,TN,TN,TN,TN,TN,TN,TN
644,TP,TP,TP,TP,TP,TP,TP,TP,TP,TP,TP,TP,TP,TP,TP,TP,TP,TP,FN,FN,FN,FN,FN,FN,FN,FN
645,TP,TP,TP,TP,TP,TP,TP,TP,TP,TP,TP,TP,TP,TP,TP,TP,TP,TP,TP,FN,FN,FN,FN,FN,FN,FN
646,FP,FP,FP,TN,TN,TN,TN,TN,TN,TN,TN,TN,TN,TN,TN,TN,TN,TN,TN,TN,TN,TN,TN,TN,TN,TN
647,FP,FP,TN,TN,TN,TN,TN,TN,TN,TN,TN,TN,TN,TN,TN,TN,TN,TN,TN,TN,TN,TN,TN,TN,TN,TN
648,TP,TP,TP,TP,TP,TP,TP,TP,FN,FN,FN,FN,FN,FN,FN,FN,FN,FN,FN,FN,FN,FN,FN,FN,FN,FN
649,FP,FP,TN,TN,TN,TN,TN,TN,TN,TN,TN,TN,TN,TN,TN,TN,TN,TN,TN,TN,TN,TN,TN,TN,TN,TN
650,TP,TP,TP,TP,TP,TP,TP,TP,FN,FN,FN,FN,FN,FN,FN,FN,FN,FN,FN,FN,FN,FN,FN,FN,FN,FN
651,FP,FP,TN,TN,TN,TN,TN,TN,TN,TN,TN,TN,TN,TN,TN,TN,TN,TN,TN,TN,TN,TN,TN,TN,TN,TN
652,FP,FP,TN,TN,TN,TN,TN,TN,TN,TN,TN,TN,TN,TN,TN,TN,TN,TN,TN,TN,TN,TN,TN,TN,TN,TN
653,FP,FP,FP,TN,TN,TN,TN,TN,TN,TN,TN,TN,TN,TN,TN,TN,TN,TN,TN,TN,TN,TN,TN,TN,TN,TN
654,FP,FP,TN,TN,TN,TN,TN,TN,TN,TN,TN,TN,TN,TN,TN,TN,TN,TN,TN,TN,TN,TN,TN,TN,TN,TN
655,FP,FP,FP,TN,TN,TN,TN,TN,TN,TN,TN,TN,TN,TN,TN,TN,TN,TN,TN,TN,TN,TN,TN,TN,TN,TN
656,TP,TP,TP,TP,TP,TP,TP,TP,TP,TP,TP,TP,TP,FN,FN,FN,FN,FN,FN,FN,FN,FN,FN,FN,FN,FN
657,TP,TP,TP,TP,TP,FN,FN,FN,FN,FN,FN,FN,FN,FN,FN,FN,FN,FN,FN,FN,FN,FN,FN,FN,FN,FN
658,FP,FP,FP,TN,TN,TN,TN,TN,TN,TN,TN,TN,TN,TN,TN,TN,TN,TN,TN,TN,TN,TN,TN,TN,TN,TN
659,FP,FP,FP,TN,TN,TN,TN,TN,TN,TN,TN,TN,TN,TN,TN,TN,TN,TN,TN,TN,TN,TN,TN,TN,TN,TN
660,FP,FP,FP,TN,TN,TN,TN,TN,TN,TN,TN,TN,TN,TN,TN,TN,TN,TN,TN,TN,TN,TN,TN,TN,TN,TN
661,FP,FP,TN,TN,TN,TN,TN,TN,TN,TN,TN,TN,TN,TN,TN,TN,TN,TN,TN,TN,TN,TN,TN,TN,TN,TN
662,FP,FP,FP,TN,TN,TN,TN,TN,TN,TN,TN,TN,TN,TN,TN,TN,TN,TN,TN,TN,TN,TN,TN,TN,TN,TN
663,FP,FP,TN,TN,TN,TN,TN,TN,TN,TN,TN,TN,TN,TN,TN,TN,TN,TN,TN,TN,TN,TN,TN,TN,TN,TN
664,FP,FP,FP,TN,TN,TN,TN,TN,TN,TN,TN,TN,TN,TN,TN,TN,TN,TN,TN,TN,TN,TN,TN,TN,TN,TN
665,TP,TP,TP,TP,TP,TP,TP,TP,TP,TP,TP,TP,TP,TP,TP,TP,TP,TP,TP,TP,TP,TP,TP,TP,FN,FN
666,FP,FP,FP,TN,TN,TN,TN,TN,TN,TN,TN,TN,TN,TN,TN,TN,TN,TN,TN,TN,TN,TN,TN,TN,TN,TN
667,FP,FP,FP,TN,TN,TN,TN,TN,TN,TN,TN,TN,TN,TN,TN,TN,TN,TN,TN,TN,TN,TN,TN,TN,TN,TN
668,FP,FP,TN,TN,TN,TN,TN,TN,TN,TN,TN,TN,TN,TN,TN,TN,TN,TN,TN,TN,TN,TN,TN,TN,TN,TN
669,FP,FP,TN,TN,TN,TN,TN,TN,TN,TN,TN,TN,TN,TN,TN,TN,TN,TN,TN,TN,TN,TN,TN,TN,TN,TN
670,FP,FP,TN,TN,TN,TN,TN,TN,TN,TN,TN,TN,TN,TN,TN,TN,TN,TN,TN,TN,TN,TN,TN,TN,TN,TN
671,FP,FP,TN,TN,TN,TN,TN,TN,TN,TN,TN,TN,TN,TN,TN,TN,TN,TN,TN,TN,TN,TN,TN,TN,TN,TN
672,TP,TP,TP,TP,TP,TP,TP,TP,TP,TP,TP,TP,TP,FN,FN,FN,FN,FN,FN,FN,FN,FN,FN,FN,FN,FN
673,TP,TP,TP,TP,TP,TP,TP,TP,TP,TP,TP,TP,TP,TP,TP,TP,TP,TP,TP,TP,TP,TP,TP,TP,FN,FN
674,TP,TP,TP,TP,TP,TP,TP,TP,TP,TP,TP,TP,TP,TP,TP,TP,TP,TP,TP,TP,TP,FN,FN,FN,FN,FN
675,FP,FP,TN,TN,TN,TN,TN,TN,TN,TN,TN,TN,TN,TN,TN,TN,TN,TN,TN,TN,TN,TN,TN,TN,TN,TN
676,FP,FP,TN,TN,TN,TN,TN,TN,TN,TN,TN,TN,TN,TN,TN,TN,TN,TN,TN,TN,TN,TN,TN,TN,TN,TN
677,TP,TP,TP,TP,TP,TP,TP,TP,TP,TP,TP,TP,TP,TP,TP,TP,TP,TP,TP,TP,TP,TP,FN,FN,FN,FN
678,TP,TP,TP,TP,TP,TP,TP,TP,TP,TP,TP,FN,FN,FN,FN,FN,FN,FN,FN,FN,FN,FN,FN,FN,FN,FN
679,FP,FP,FP,TN,TN,TN,TN,TN,TN,TN,TN,TN,TN,TN,TN,TN,TN,TN,TN,TN,TN,TN,TN,TN,TN,TN
680,FP,FP,TN,TN,TN,TN,TN,TN,TN,TN,TN,TN,TN,TN,TN,TN,TN,TN,TN,TN,TN,TN,TN,TN,TN,TN
681,TP,TP,TP,TP,TP,TP,TP,TP,TP,TP,TP,FN,FN,FN,FN,FN,FN,FN,FN,FN,FN,FN,FN,FN,FN,FN
682,FP,FP,FP,TN,TN,TN,TN,TN,TN,TN,TN,TN,TN,TN,TN,TN,TN,TN,TN,TN,TN,TN,TN,TN,TN,TN
683,FP,FP,TN,TN,TN,TN,TN,TN,TN,TN,TN,TN,TN,TN,TN,TN,TN,TN,TN,TN,TN,TN,TN,TN,TN,TN
684,FP,FP,FP,TN,TN,TN,TN,TN,TN,TN,TN,TN,TN,TN,TN,TN,TN,TN,TN,TN,TN,TN,TN,TN,TN,TN
685,FP,FP,FP,TN,TN,TN,TN,TN,TN,TN,TN,TN,TN,TN,TN,TN,TN,TN,TN,TN,TN,TN,TN,TN,TN,TN
686,FP,FP,FP,TN,TN,TN,TN,TN,TN,TN,TN,TN,TN,TN,TN,TN,TN,TN,TN,TN,TN,TN,TN,TN,TN,TN
687,FP,FP,FP,TN,TN,TN,TN,TN,TN,TN,TN,TN,TN,TN,TN,TN,TN,TN,TN,TN,TN,TN,TN,TN,TN,TN
688,FP,FP,TN,TN,TN,TN,TN,TN,TN,TN,TN,TN,TN,TN,TN,TN,TN,TN,TN,TN,TN,TN,TN,TN,TN,TN
689,FP,FP,FP,TN,TN,TN,TN,TN,TN,TN,TN,TN,TN,TN,TN,TN,TN,TN,TN,TN,TN,TN,TN,TN,TN,TN
690,FP,FP,TN,TN,TN,TN,TN,TN,TN,TN,TN,TN,TN,TN,TN,TN,TN,TN,TN,TN,TN,TN,TN,TN,TN,TN
691,TP,TP,TP,TP,TP,TP,TP,TP,TP,TP,FN,FN,FN,FN,FN,FN,FN,FN,FN,FN,FN,FN,FN,FN,FN,FN
692,TP,TP,TP,TP,TP,TP,TP,TP,TP,TP,TP,TP,TP,TP,TP,TP,TP,TP,TP,TP,TP,TP,TP,FN,FN,FN
693,TP,TP,TP,TP,TP,TP,TP,TP,TP,TP,TP,TP,TP,TP,TP,TP,FN,FN,FN,FN,FN,FN,FN,FN,FN,FN
694,FP,FP,TN,TN,TN,TN,TN,TN,TN,TN,TN,TN,TN,TN,TN,TN,TN,TN,TN,TN,TN,TN,TN,TN,TN,TN
695,FP,FP,FP,TN,TN,TN,TN,TN,TN,TN,TN,TN,TN,TN,TN,TN,TN,TN,TN,TN,TN,TN,TN,TN,TN,TN
696,FP,FP,TN,TN,TN,TN,TN,TN,TN,TN,TN,TN,TN,TN,TN,TN,TN,TN,TN,TN,TN,TN,TN,TN,TN,TN
697,FP,FP,FP,TN,TN,TN,TN,TN,TN,TN,TN,TN,TN,TN,TN,TN,TN,TN,TN,TN,TN,TN,TN,TN,TN,TN
698,FP,FP,TN,TN,TN,TN,TN,TN,TN,TN,TN,TN,TN,TN,TN,TN,TN,TN,TN,TN,TN,TN,TN,TN,TN,TN
699,TP,TP,TP,TP,TP,TP,TP,TP,TP,TP,TP,TP,TP,TP,TP,TP,TP,TP,TP,TP,TP,TP,TP,TP,TP,FN
700,FP,FP,TN,TN,TN,TN,TN,TN,TN,TN,TN,TN,TN,TN,TN,TN,TN,TN,TN,TN,TN,TN,TN,TN,TN,TN
701,FP,FP,FP,TN,TN,TN,TN,TN,TN,TN,TN,TN,TN,TN,TN,TN,TN,TN,TN,TN,TN,TN,TN,TN,TN,TN
702,FP,FP,FP,TN,TN,TN,TN,TN,TN,TN,TN,TN,TN,TN,TN,TN,TN,TN,TN,TN,TN,TN,TN,TN,TN,TN
703,FP,FP,FP,TN,TN,TN,TN,TN,TN,TN,TN,TN,TN,TN,TN,TN,TN,TN,TN,TN,TN,TN,TN,TN,TN,TN
704,FP,FP,TN,TN,TN,TN,TN,TN,TN,TN,TN,TN,TN,TN,TN,TN,TN,TN,TN,TN,TN,TN,TN,TN,TN,TN
705,TP,TP,TP,TP,TP,TP,TP,TP,FN,FN,FN,FN,FN,FN,FN,FN,FN,FN,FN,FN,FN,FN,FN,FN,FN,FN
706,FP,FP,TN,TN,TN,TN,TN,TN,TN,TN,TN,TN,TN,TN,TN,TN,TN,TN,TN,TN,TN,TN,TN,TN,TN,TN
707,FP,FP,FP,TN,TN,TN,TN,TN,TN,TN,TN,TN,TN,TN,TN,TN,TN,TN,TN,TN,TN,TN,TN,TN,TN,TN
708,FP,FP,TN,TN,TN,TN,TN,TN,TN,TN,TN,TN,TN,TN,TN,TN,TN,TN,TN,TN,TN,TN,TN,TN,TN,TN
709,FP,FP,TN,TN,TN,TN,TN,TN,TN,TN,TN,TN,TN,TN,TN,TN,TN,TN,TN,TN,TN,TN,TN,TN,TN,TN
710,TP,TP,TP,TP,TP,TP,TP,TP,TP,TP,TP,TP,TP,TP,TP,FN,FN,FN,FN,FN,FN,FN,FN,FN,FN,FN
711,FP,FP,FP,TN,TN,TN,TN,TN,TN,TN,TN,TN,TN,TN,TN,TN,TN,TN,TN,TN,TN,TN,TN,TN,TN,TN
712,FP,FP,FP,TN,TN,TN,TN,TN,TN,TN,TN,TN,TN,TN,TN,TN,TN,TN,TN,TN,TN,TN,TN,TN,TN,TN
713,FP,FP,TN,TN,TN,TN,TN,TN,TN,TN,TN,TN,TN,TN,TN,TN,TN,TN,TN,TN,TN,TN,TN,TN,TN,TN
714,FP,FP,FP,TN,TN,TN,TN,TN,TN,TN,TN,TN,TN,TN,TN,TN,TN,TN,TN,TN,TN,TN,TN,TN,TN,TN
715,FP,FP,TN,TN,TN,TN,TN,TN,TN,TN,TN,TN,TN,TN,TN,TN,TN,TN,TN,TN,TN,TN,TN,TN,TN,TN
716,FP,FP,FP,TN,TN,TN,TN,TN,TN,TN,TN,TN,TN,TN,TN,TN,TN,TN,TN,TN,TN,TN,TN,TN,TN,TN
717,FP,FP,TN,TN,TN,TN,TN,TN,TN,TN,TN,TN,TN,TN,TN,TN,TN,TN,TN,TN,TN,TN,TN,TN,TN,TN
718,FP,FP,FP,TN,TN,TN,TN,TN,TN,TN,TN,TN,TN,TN,TN,TN,TN,TN,TN,TN,TN,TN,TN,TN,TN,TN
719,FP,FP,FP,TN,TN,TN,TN,TN,TN,TN,TN,TN,TN,TN,TN,TN,TN,TN,TN,TN,TN,TN,TN,TN,TN,TN
720,FP,FP,TN,TN,TN,TN,TN,TN,TN,TN,TN,TN,TN,TN,TN,TN,TN,TN,TN,TN,TN,TN,TN,TN,TN,TN
721,TP,TP,TP,TP,TP,TP,TP,TP,TP,TP,TP,TP,TP,TP,TP,TP,TP,TP,TP,TP,TP,TP,TP,FN,FN,FN
722,TP,TP,TP,TP,TP,TP,TP,TP,TP,TP,TP,TP,TP,TP,TP,TP,TP,FN,FN,FN,FN,FN,FN,FN,FN,FN
723,FP,FP,FP,TN,TN,TN,TN,TN,TN,TN,TN,TN,TN,TN,TN,TN,TN,TN,TN,TN,TN,TN,TN,TN,TN,TN
724,FP,FP,TN,TN,TN,TN,TN,TN,TN,TN,TN,TN,TN,TN,TN,TN,TN,TN,TN,TN,TN,TN,TN,TN,TN,TN
725,TP,TP,TP,TP,TP,TP,TP,TP,TP,TP,TP,TP,TP,TP,TP,TP,TP,TP,FN,FN,FN,FN,FN,FN,FN,FN
726,FP,FP,TN,TN,TN,TN,TN,TN,TN,TN,TN,TN,TN,TN,TN,TN,TN,TN,TN,TN,TN,TN,TN,TN,TN,TN
727,FP,FP,TN,TN,TN,TN,TN,TN,TN,TN,TN,TN,TN,TN,TN,TN,TN,TN,TN,TN,TN,TN,TN,TN,TN,TN
728,TP,TP,TP,TP,TP,TP,TP,TP,TP,TP,TP,FN,FN,FN,FN,FN,FN,FN,FN,FN,FN,FN,FN,FN,FN,FN
729,TP,TP,TP,TP,TP,TP,TP,TP,TP,TP,TP,TP,TP,TP,TP,TP,TP,TP,TP,TP,TP,FN,FN,FN,FN,FN
730,FP,FP,TN,TN,TN,TN,TN,TN,TN,TN,TN,TN,TN,TN,TN,TN,TN,TN,TN,TN,TN,TN,TN,TN,TN,TN
731,FP,FP,TN,TN,TN,TN,TN,TN,TN,TN,TN,TN,TN,TN,TN,TN,TN,TN,TN,TN,TN,TN,TN,TN,TN,TN
732,TP,TP,TP,TP,TP,TP,TP,TP,TP,TP,TP,TP,TP,TP,TP,TP,TP,FN,FN,FN,FN,FN,FN,FN,FN,FN
733,FP,FP,FP,TN,TN,TN,TN,TN,TN,TN,TN,TN,TN,TN,TN,TN,TN,TN,TN,TN,TN,TN,TN,TN,TN,TN
734,FP,FP,TN,TN,TN,TN,TN,TN,TN,TN,TN,TN,TN,TN,TN,TN,TN,TN,TN,TN,TN,TN,TN,TN,TN,TN
735,TP,TP,TP,TP,TP,TP,TP,TP,TP,TP,TP,FN,FN,FN,FN,FN,FN,FN,FN,FN,FN,FN,FN,FN,FN,FN
736,FP,FP,FP,TN,TN,TN,TN,TN,TN,TN,TN,TN,TN,TN,TN,TN,TN,TN,TN,TN,TN,TN,TN,TN,TN,TN
737,FP,FP,FP,TN,TN,TN,TN,TN,TN,TN,TN,TN,TN,TN,TN,TN,TN,TN,TN,TN,TN,TN,TN,TN,TN,TN
738,FP,FP,TN,TN,TN,TN,TN,TN,TN,TN,TN,TN,TN,TN,TN,TN,TN,TN,TN,TN,TN,TN,TN,TN,TN,TN
739,TP,TP,TP,TP,TP,TP,TP,TP,TP,TP,TP,TP,TP,TP,TP,TP,TP,TP,TP,TP,FN,FN,FN,FN,FN,FN
740,TP,TP,TP,TP,TP,TP,TP,TP,TP,TP,TP,TP,TP,TP,TP,FN,FN,FN,FN,FN,FN,FN,FN,FN,FN,FN
741,FP,FP,FP,TN,TN,TN,TN,TN,TN,TN,TN,TN,TN,TN,TN,TN,TN,TN,TN,TN,TN,TN,TN,TN,TN,TN
742,TP,TP,TP,TP,TP,TP,TP,TP,TP,TP,TP,TP,TP,TP,TP,TP,TP,TP,TP,TP,TP,TP,TP,TP,TP,FN
743,FP,FP,FP,TN,TN,TN,TN,TN,TN,TN,TN,TN,TN,TN,TN,TN,TN,TN,TN,TN,TN,TN,TN,TN,TN,TN
744,FP,FP,FP,TN,TN,TN,TN,TN,TN,TN,TN,TN,TN,TN,TN,TN,TN,TN,TN,TN,TN,TN,TN,TN,TN,TN
745,TP,TP,TP,TP,TP,TP,TP,TP,TP,FN,FN,FN,FN,FN,FN,FN,FN,FN,FN,FN,FN,FN,FN,FN,FN,FN
746,FP,FP,TN,TN,TN,TN,TN,TN,TN,TN,TN,TN,TN,TN,TN,TN,TN,TN,TN,TN,TN,TN,TN,TN,TN,TN
747,TP,TP,TP,TP,TP,TP,TP,TP,TP,TP,TP,TP,TP,TP,TP,TP,TP,TP,TP,FN,FN,FN,FN,FN,FN,FN
748,FP,FP,FP,TN,TN,TN,TN,TN,TN,TN,TN,TN,TN,TN,TN,TN,TN,TN,TN,TN,TN,TN,TN,TN,TN,TN
749,FP,FP,TN,TN,TN,TN,TN,TN,TN,TN,TN,TN,TN,TN,TN,TN,TN,TN,TN,TN,TN,TN,TN,TN,TN,TN
750,FP,FP,TN,TN,TN,TN,TN,TN,TN,TN,TN,TN,TN,TN,TN,TN,TN,TN,TN,TN,TN,TN,TN,TN,TN,TN
751,TP,TP,TP,TP,TP,FN,FN,FN,FN,FN,FN,FN,FN,FN,FN,FN,FN,FN,FN,FN,FN,FN,FN,FN,FN,FN
752,FP,FP,FP,TN,TN,TN,TN,TN,TN,TN,TN,TN,TN,TN,TN,TN,TN,TN,TN,TN,TN,TN,TN,TN,TN,TN
753,TP,TP,TP,TP,TP,FN,FN,FN,FN,FN,FN,FN,FN,FN,FN,FN,FN,FN,FN,FN,FN,FN,FN,FN,FN,FN
754,FP,FP,FP,TN,TN,TN,TN,TN,TN,TN,TN,TN,TN,TN,TN,TN,TN,TN,TN,TN,TN,TN,TN,TN,TN,TN
755,FP,FP,FP,TN,TN,TN,TN,TN,TN,TN,TN,TN,TN,TN,TN,TN,TN,TN,TN,TN,TN,TN,TN,TN,TN,TN
756,FP,FP,TN,TN,TN,TN,TN,TN,TN,TN,TN,TN,TN,TN,TN,TN,TN,TN,TN,TN,TN,TN,TN,TN,TN,TN
757,TP,TP,TP,TP,TP,TP,TP,TP,TP,TP,TP,TP,TP,TP,TP,TP,TP,TP,TP,TP,TP,TP,TP,TP,TP,FN
758,FP,FP,TN,TN,TN,TN,TN,TN,TN,TN,TN,TN,TN,TN,TN,TN,TN,TN,TN,TN,TN,TN,TN,TN,TN,TN
759,TP,TP,TP,TP,TP,TP,TP,TP,TP,TP,TP,TP,TP,FN,FN,FN,FN,FN,FN,FN,FN,FN,FN,FN,FN,FN
760,FP,FP,TN,TN,TN,TN,TN,TN,TN,TN,TN,TN,TN,TN,TN,TN,TN,TN,TN,TN,TN,TN,TN,TN,TN,TN
761,FP,FP,TN,TN,TN,TN,TN,TN,TN,TN,TN,TN,TN,TN,TN,TN,TN,TN,TN,TN,TN,TN,TN,TN,TN,TN
762,TP,TP,TP,TP,TP,TP,TP,TP,TP,TP,FN,FN,FN,FN,FN,FN,FN,FN,FN,FN,FN,FN,FN,FN,FN,FN
763,TP,TP,TP,TP,TP,TP,TP,TP,TP,TP,TP,FN,FN,FN,FN,FN,FN,FN,FN,FN,FN,FN,FN,FN,FN,FN
764,FP,FP,FP,TN,TN,TN,TN,TN,TN,TN,TN,TN,TN,TN,TN,TN,TN,TN,TN,TN,TN,TN,TN,TN,TN,TN
765,FP,FP,TN,TN,TN,TN,TN,TN,TN,TN,TN,TN,TN,TN,TN,TN,TN,TN,TN,TN,TN,TN,TN,TN,TN,TN
766,FP,FP,TN,TN,TN,TN,TN,TN,TN,TN,TN,TN,TN,TN,TN,TN,TN,TN,TN,TN,TN,TN,TN,TN,TN,TN
767,FP,FP,TN,TN,TN,TN,TN,TN,TN,TN,TN,TN,TN,TN,TN,TN,TN,TN,TN,TN,TN,TN,TN,TN,TN,TN
768,TP,TP,TP,TP,TP,TP,TP,TP,TP,TP,TP,TP,TP,TP,TP,TP,TP,TP,TP,TP,TP,TP,FN,FN,FN,FN
769,FP,FP,FP,TN,TN,TN,TN,TN,TN,TN,TN,TN,TN,TN,TN,TN,TN,TN,TN,TN,TN,TN,TN,TN,TN,TN
770,FP,FP,FP,TN,TN,TN,TN,TN,TN,TN,TN,TN,TN,TN,TN,TN,TN,TN,TN,TN,TN,TN,TN,TN,TN,TN
771,FP,FP,TN,TN,TN,TN,TN,TN,TN,TN,TN,TN,TN,TN,TN,TN,TN,TN,TN,TN,TN,TN,TN,TN,TN,TN
772,FP,FP,TN,TN,TN,TN,TN,TN,TN,TN,TN,TN,TN,TN,TN,TN,TN,TN,TN,TN,TN,TN,TN,TN,TN,TN
773,TP,TP,TP,TP,TP,TP,TP,TP,TP,TP,TP,TP,TP,TP,TP,TP,TP,TP,TP,TP,TP,TP,TP,FN,FN,FN
774,FP,FP,TN,TN,TN,TN,TN,TN,TN,TN,TN,TN,TN,TN,TN,TN,TN,TN,TN,TN,TN,TN,TN,TN,TN,TN
775,FP,FP,TN,TN,TN,TN,TN,TN,TN,TN,TN,TN,TN,TN,TN,TN,TN,TN,TN,TN,TN,TN,TN,TN,TN,TN
776,FP,FP,TN,TN,TN,TN,TN,TN,TN,TN,TN,TN,TN,TN,TN,TN,TN,TN,TN,TN,TN,TN,TN,TN,TN,TN
777,TP,TP,TP,TP,TP,TP,TP,TP,TP,TP,TP,TP,TP,TP,TP,TP,TP,TP,TP,TP,TP,TP,TP,FN,FN,FN
778,TP,TP,TP,TP,TP,FN,FN,FN,FN,FN,FN,FN,FN,FN,FN,FN,FN,FN,FN,FN,FN,FN,FN,FN,FN,FN
779,FP,FP,FP,TN,TN,TN,TN,TN,TN,TN,TN,TN,TN,TN,TN,TN,TN,TN,TN,TN,TN,TN,TN,TN,TN,TN
780,FP,FP,FP,TN,TN,TN,TN,TN,TN,TN,TN,TN,TN,TN,TN,TN,TN,TN,TN,TN,TN,TN,TN,TN,TN,TN
781,FP,FP,FP,TN,TN,TN,TN,TN,TN,TN,TN,TN,TN,TN,TN,TN,TN,TN,TN,TN,TN,TN,TN,TN,TN,TN
782,FP,FP,FP,TN,TN,TN,TN,TN,TN,TN,TN,TN,TN,TN,TN,TN,TN,TN,TN,TN,TN,TN,TN,TN,TN,TN
783,FP,FP,TN,TN,TN,TN,TN,TN,TN,TN,TN,TN,TN,TN,TN,TN,TN,TN,TN,TN,TN,TN,TN,TN,TN,TN
784,TP,TP,TP,TP,TP,TP,FN,FN,FN,FN,FN,FN,FN,FN,FN,FN,FN,FN,FN,FN,FN,FN,FN,FN,FN,FN
785,FP,FP,TN,TN,TN,TN,TN,TN,TN,TN,TN,TN,TN,TN,TN,TN,TN,TN,TN,TN,TN,TN,TN,TN,TN,TN
786,TP,TP,TP,TP,TP,TP,TP,TP,TP,TP,TP,TP,TP,TP,TP,TP,TP,TP,TP,TP,TP,TP,TP,TP,FN,FN
787,FP,FP,TN,TN,TN,TN,TN,TN,TN,TN,TN,TN,TN,TN,TN,TN,TN,TN,TN,TN,TN,TN,TN,TN,TN,TN
788,FP,FP,TN,TN,TN,TN,TN,TN,TN,TN,TN,TN,TN,TN,TN,TN,TN,TN,TN,TN,TN,TN,TN,TN,TN,TN
789,TP,TP,TP,TP,TP,TP,TP,TP,TP,TP,TP,TP,TP,TP,TP,TP,TP,TP,TP,TP,TP,TP,FN,FN,FN,FN
790,TP,TP,TP,TP,TP,TP,TP,TP,TP,TP,TP,TP,TP,TP,TP,TP,TP,FN,FN,FN,FN,FN,FN,FN,FN,FN
791,TP,TP,TP,TP,TP,TP,TP,TP,TP,TP,TP,TP,TP,TP,TP,TP,FN,FN,FN,FN,FN,FN,FN,FN,FN,FN
792,FP,FP,TN,TN,TN,TN,TN,TN,TN,TN,TN,TN,TN,TN,TN,TN,TN,TN,TN,TN,TN,TN,TN,TN,TN,TN
793,FP,FP,FP,TN,TN,TN,TN,TN,TN,TN,TN,TN,TN,TN,TN,TN,TN,TN,TN,TN,TN,TN,TN,TN,TN,TN
794,FP,FP,FP,TN,TN,TN,TN,TN,TN,TN,TN,TN,TN,TN,TN,TN,TN,TN,TN,TN,TN,TN,TN,TN,TN,TN
795,FP,FP,TN,TN,TN,TN,TN,TN,TN,TN,TN,TN,TN,TN,TN,TN,TN,TN,TN,TN,TN,TN,TN,TN,TN,TN
796,FP,FP,FP,TN,TN,TN,TN,TN,TN,TN,TN,TN,TN,TN,TN,TN,TN,TN,TN,TN,TN,TN,TN,TN,TN,TN
797,TP,TP,TP,TP,TP,TP,TP,TP,TP,TP,TP,TP,TP,TP,TP,TP,TP,TP,TP,TP,TP,FN,FN,FN,FN,FN
798,TP,TP,TP,TP,TP,TP,TP,TP,TP,TP,TP,TP,TP,TP,TP,TP,TP,TP,TP,TP,FN,FN,FN,FN,FN,FN
799,FP,FP,FP,TN,TN,TN,TN,TN,TN,TN,TN,TN,TN,TN,TN,TN,TN,TN,TN,TN,TN,TN,TN,TN,TN,TN
800,FP,FP,FP,TN,TN,TN,TN,TN,TN,TN,TN,TN,TN,TN,TN,TN,TN,TN,TN,TN,TN,TN,TN,TN,TN,TN
801,FP,FP,FP,TN,TN,TN,TN,TN,TN,TN,TN,TN,TN,TN,TN,TN,TN,TN,TN,TN,TN,TN,TN,TN,TN,TN
802,TP,TP,TP,TP,TP,TP,FN,FN,FN,FN,FN,FN,FN,FN,FN,FN,FN,FN,FN,FN,FN,FN,FN,FN,FN,FN
803,TP,TP,TP,TP,TP,TP,TP,TP,TP,TP,TP,TP,TP,TP,TP,TP,TP,TP,TP,TP,TP,TP,FN,FN,FN,FN
804,TP,TP,TP,TP,TP,TP,TP,TP,TP,TP,TP,TP,TP,FN,FN,FN,FN,FN,FN,FN,FN,FN,FN,FN,FN,FN
805,TP,TP,TP,TP,TP,TP,TP,TP,FN,FN,FN,FN,FN,FN,FN,FN,FN,FN,FN,FN,FN,FN,FN,FN,FN,FN
806,FP,FP,FP,TN,TN,TN,TN,TN,TN,TN,TN,TN,TN,TN,TN,TN,TN,TN,TN,TN,TN,TN,TN,TN,TN,TN
807,TP,TP,TP,TP,TP,TP,TP,TP,TP,FN,FN,FN,FN,FN,FN,FN,FN,FN,FN,FN,FN,FN,FN,FN,FN,FN
808,TP,TP,TP,TP,TP,TP,TP,TP,TP,TP,TP,TP,TP,FN,FN,FN,FN,FN,FN,FN,FN,FN,FN,FN,FN,FN
809,FP,FP,TN,TN,TN,TN,TN,TN,TN,TN,TN,TN,TN,TN,TN,TN,TN,TN,TN,TN,TN,TN,TN,TN,TN,TN
810,FP,TN,TN,TN,TN,TN,TN,TN,TN,TN,TN,TN,TN,TN,TN,TN,TN,TN,TN,TN,TN,TN,TN,TN,TN,TN
811,FP,FP,TN,TN,TN,TN,TN,TN,TN,TN,TN,TN,TN,TN,TN,TN,TN,TN,TN,TN,TN,TN,TN,TN,TN,TN
812,TP,TP,TP,TP,TP,TP,TP,TP,TP,TP,TP,FN,FN,FN,FN,FN,FN,FN,FN,FN,FN,FN,FN,FN,FN,FN
813,FP,FP,TN,TN,TN,TN,TN,TN,TN,TN,TN,TN,TN,TN,TN,TN,TN,TN,TN,TN,TN,TN,TN,TN,TN,TN
814,FP,FP,FP,TN,TN,TN,TN,TN,TN,TN,TN,TN,TN,TN,TN,TN,TN,TN,TN,TN,TN,TN,TN,TN,TN,TN
815,FP,FP,TN,TN,TN,TN,TN,TN,TN,TN,TN,TN,TN,TN,TN,TN,TN,TN,TN,TN,TN,TN,TN,TN,TN,TN
816,TP,TP,TP,TP,TP,TP,TP,TP,TP,TP,TP,TP,TP,TP,TP,TP,TP,FN,FN,FN,FN,FN,FN,FN,FN,FN
817,FP,FP,TN,TN,TN,TN,TN,TN,TN,TN,TN,TN,TN,TN,TN,TN,TN,TN,TN,TN,TN,TN,TN,TN,TN,TN
818,FP,FP,FP,TN,TN,TN,TN,TN,TN,TN,TN,TN,TN,TN,TN,TN,TN,TN,TN,TN,TN,TN,TN,TN,TN,TN
819,TP,TP,TP,TP,TP,TP,TP,TP,TP,TP,TP,TP,TP,TP,TP,TP,FN,FN,FN,FN,FN,FN,FN,FN,FN,FN
820,TP,TP,TP,TP,TP,TP,TP,TP,TP,TP,TP,TP,TP,TP,TP,TP,TP,TP,TP,TP,TP,FN,FN,FN,FN,FN
821,FP,FP,TN,TN,TN,TN,TN,TN,TN,TN,TN,TN,TN,TN,TN,TN,TN,TN,TN,TN,TN,TN,TN,TN,TN,TN
822,FP,FP,FP,TN,TN,TN,TN,TN,TN,TN,TN,TN,TN,TN,TN,TN,TN,TN,TN,TN,TN,TN,TN,TN,TN,TN
823,FP,FP,FP,TN,TN,TN,TN,TN,TN,TN,TN,TN,TN,TN,TN,TN,TN,TN,TN,TN,TN,TN,TN,TN,TN,TN
824,FP,FP,TN,TN,TN,TN,TN,TN,TN,TN,TN,TN,TN,TN,TN,TN,TN,TN,TN,TN,TN,TN,TN,TN,TN,TN
825,FP,FP,FP,TN,TN,TN,TN,TN,TN,TN,TN,TN,TN,TN,TN,TN,TN,TN,TN,TN,TN,TN,TN,TN,TN,TN
826,TP,TP,TP,TP,TP,TP,TP,TP,TP,TP,TP,TP,TP,TP,TP,TP,TP,TP,FN,FN,FN,FN,FN,FN,FN,FN
827,TP,TP,TP,TP,TP,TP,TP,TP,TP,TP,TP,TP,TP,TP,TP,TP,TP,TP,TP,TP,TP,TP,TP,TP,FN,FN
828,TP,TP,TP,TP,TP,TP,TP,TP,TP,TP,TP,FN,FN,FN,FN,FN,FN,FN,FN,FN,FN,FN,FN,FN,FN,FN
829,FP,FP,FP,TN,TN,TN,TN,TN,TN,TN,TN,TN,TN,TN,TN,TN,TN,TN,TN,TN,TN,TN,TN,TN,TN,TN
830,TP,TP,TP,TP,TP,TP,TP,TP,TP,TP,TP,TP,TP,TP,TP,TP,TP,TP,TP,TP,TP,TP,TP,FN,FN,FN
831,FP,FP,TN,TN,TN,TN,TN,TN,TN,TN,TN,TN,TN,TN,TN,TN,TN,TN,TN,TN,TN,TN,TN,TN,TN,TN
832,FP,FP,FP,TN,TN,TN,TN,TN,TN,TN,TN,TN,TN,TN,TN,TN,TN,TN,TN,TN,TN,TN,TN,TN,TN,TN
833,TP,TP,TP,TP,TP,TP,TP,TP,TP,TP,TP,TP,TP,TP,TP,TP,TP,TP,TP,FN,FN,FN,FN,FN,FN,FN
834,FP,FP,FP,TN,TN,TN,TN,TN,TN,TN,TN,TN,TN,TN,TN,TN,TN,TN,TN,TN,TN,TN,TN,TN,TN,TN
835,FP,FP,FP,TN,TN,TN,TN,TN,TN,TN,TN,TN,TN,TN,TN,TN,TN,TN,TN,TN,TN,TN,TN,TN,TN,TN
836,TP,TP,TP,TP,TP,TP,TP,TP,TP,TP,TP,TP,TP,TP,TP,TP,TP,TP,TP,TP,FN,FN,FN,FN,FN,FN
837,FP,FP,TN,TN,TN,TN,TN,TN,TN,TN,TN,TN,TN,TN,TN,TN,TN,TN,TN,TN,TN,TN,TN,TN,TN,TN
838,TP,TP,TP,TP,TP,TP,TP,TP,TP,TP,TP,TP,TP,FN,FN,FN,FN,FN,FN,FN,FN,FN,FN,FN,FN,FN
839,FP,FP,FP,TN,TN,TN,TN,TN,TN,TN,TN,TN,TN,TN,TN,TN,TN,TN,TN,TN,TN,TN,TN,TN,TN,TN
840,FP,FP,FP,TN,TN,TN,TN,TN,TN,TN,TN,TN,TN,TN,TN,TN,TN,TN,TN,TN,TN,TN,TN,TN,TN,TN
841,FP,FP,TN,TN,TN,TN,TN,TN,TN,TN,TN,TN,TN,TN,TN,TN,TN,TN,TN,TN,TN,TN,TN,TN,TN,TN
842,FP,FP,TN,TN,TN,TN,TN,TN,TN,TN,TN,TN,TN,TN,TN,TN,TN,TN,TN,TN,TN,TN,TN,TN,TN,TN
843,FP,FP,TN,TN,TN,TN,TN,TN,TN,TN,TN,TN,TN,TN,TN,TN,TN,TN,TN,TN,TN,TN,TN,TN,TN,TN
844,FP,FP,TN,TN,TN,TN,TN,TN,TN,TN,TN,TN,TN,TN,TN,TN,TN,TN,TN,TN,TN,TN,TN,TN,TN,TN
845,FP,FP,TN,TN,TN,TN,TN,TN,TN,TN,TN,TN,TN,TN,TN,TN,TN,TN,TN,TN,TN,TN,TN,TN,TN,TN
846,FP,FP,FP,TN,TN,TN,TN,TN,TN,TN,TN,TN,TN,TN,TN,TN,TN,TN,TN,TN,TN,TN,TN,TN,TN,TN
847,FP,FP,FP,TN,TN,TN,TN,TN,TN,TN,TN,TN,TN,TN,TN,TN,TN,TN,TN,TN,TN,TN,TN,TN,TN,TN
848,FP,FP,TN,TN,TN,TN,TN,TN,TN,TN,TN,TN,TN,TN,TN,TN,TN,TN,TN,TN,TN,TN,TN,TN,TN,TN
849,FP,FP,TN,TN,TN,TN,TN,TN,TN,TN,TN,TN,TN,TN,TN,TN,TN,TN,TN,TN,TN,TN,TN,TN,TN,TN
850,FP,FP,TN,TN,TN,TN,TN,TN,TN,TN,TN,TN,TN,TN,TN,TN,TN,TN,TN,TN,TN,TN,TN,TN,TN,TN
851,FP,FP,TN,TN,TN,TN,TN,TN,TN,TN,TN,TN,TN,TN,TN,TN,TN,TN,TN,TN,TN,TN,TN,TN,TN,TN
852,FP,FP,FP,TN,TN,TN,TN,TN,TN,TN,TN,TN,TN,TN,TN,TN,TN,TN,TN,TN,TN,TN,TN,TN,TN,TN
853,FP,FP,FP,TN,TN,TN,TN,TN,TN,TN,TN,TN,TN,TN,TN,TN,TN,TN,TN,TN,TN,TN,TN,TN,TN,TN
854,FP,FP,TN,TN,TN,TN,TN,TN,TN,TN,TN,TN,TN,TN,TN,TN,TN,TN,TN,TN,TN,TN,TN,TN,TN,TN
855,TP,TP,TP,TP,TP,TP,TP,TP,TP,FN,FN,FN,FN,FN,FN,FN,FN,FN,FN,FN,FN,FN,FN,FN,FN,FN
856,FP,FP,TN,TN,TN,TN,TN,TN,TN,TN,TN,TN,TN,TN,TN,TN,TN,TN,TN,TN,TN,TN,TN,TN,TN,TN
857,TP,TP,TP,TP,TP,TP,TP,TP,TP,TP,TP,TP,TP,FN,FN,FN,FN,FN,FN,FN,FN,FN,FN,FN,FN,FN
858,TP,TP,TP,TP,TP,TP,TP,FN,FN,FN,FN,FN,FN,FN,FN,FN,FN,FN,FN,FN,FN,FN,FN,FN,FN,FN
859,FP,FP,TN,TN,TN,TN,TN,TN,TN,TN,TN,TN,TN,TN,TN,TN,TN,TN,TN,TN,TN,TN,TN,TN,TN,TN
860,TP,TP,TP,TP,TP,TP,TP,TP,TP,TP,TP,TP,TP,TP,TP,TP,TP,TP,TP,TP,TP,TP,TP,FN,FN,FN
861,FP,FP,TN,TN,TN,TN,TN,TN,TN,TN,TN,TN,TN,TN,TN,TN,TN,TN,TN,TN,TN,TN,TN,TN,TN,TN
862,FP,FP,FP,TN,TN,TN,TN,TN,TN,TN,TN,TN,TN,TN,TN,TN,TN,TN,TN,TN,TN,TN,TN,TN,TN,TN
863,FP,FP,TN,TN,TN,TN,TN,TN,TN,TN,TN,TN,TN,TN,TN,TN,TN,TN,TN,TN,TN,TN,TN,TN,TN,TN
864,FP,FP,TN,TN,TN,TN,TN,TN,TN,TN,TN,TN,TN,TN,TN,TN,TN,TN,TN,TN,TN,TN,TN,TN,TN,TN
865,FP,FP,FP,TN,TN,TN,TN,TN,TN,TN,TN,TN,TN,TN,TN,TN,TN,TN,TN,TN,TN,TN,TN,TN,TN,TN
866,FP,FP,TN,TN,TN,TN,TN,TN,TN,TN,TN,TN,TN,TN,TN,TN,TN,TN,TN,TN,TN,TN,TN,TN,TN,TN
867,TP,TP,TP,TP,TP,TP,TP,TP,TP,TP,TP,TP,TP,FN,FN,FN,FN,FN,FN,FN,FN,FN,FN,FN,FN,FN
868,TP,TP,TP,TP,TP,TP,TP,TP,FN,FN,FN,FN,FN,FN,FN,FN,FN,FN,FN,FN,FN,FN,FN,FN,FN,FN
869,FP,FP,TN,TN,TN,TN,TN,TN,TN,TN,TN,TN,TN,TN,TN,TN,TN,TN,TN,TN,TN,TN,TN,TN,TN,TN
870,FP,FP,FP,TN,TN,TN,TN,TN,TN,TN,TN,TN,TN,TN,TN,TN,TN,TN,TN,TN,TN,TN,TN,TN,TN,TN
871,FP,FP,FP,TN,TN,TN,TN,TN,TN,TN,TN,TN,TN,TN,TN,TN,TN,TN,TN,TN,TN,TN,TN,TN,TN,TN
872,FP,FP,FP,TN,TN,TN,TN,TN,TN,TN,TN,TN,TN,TN,TN,TN,TN,TN,TN,TN,TN,TN,TN,TN,TN,TN
873,FP,FP,TN,TN,TN,TN,TN,TN,TN,TN,TN,TN,TN,TN,TN,TN,TN,TN,TN,TN,TN,TN,TN,TN,TN,TN
874,FP,FP,TN,TN,TN,TN,TN,TN,TN,TN,TN,TN,TN,TN,TN,TN,TN,TN,TN,TN,TN,TN,TN,TN,TN,TN
875,FP,FP,TN,TN,TN,TN,TN,TN,TN,TN,TN,TN,TN,TN,TN,TN,TN,TN,TN,TN,TN,TN,TN,TN,TN,TN
876,TP,TP,TP,TP,TP,TP,TP,TP,TP,TP,TP,TP,TP,TP,TP,TP,TP,TP,TP,TP,TP,TP,TP,FN,FN,FN
877,TP,TP,TP,TP,TP,TP,TP,TP,TP,TP,TP,TP,TP,TP,TP,TP,FN,FN,FN,FN,FN,FN,FN,FN,FN,FN
878,FP,FP,TN,TN,TN,TN,TN,TN,TN,TN,TN,TN,TN,TN,TN,TN,TN,TN,TN,TN,TN,TN,TN,TN,TN,TN
879,TP,TP,TP,TP,TP,TP,TP,TP,TP,TP,TP,TP,TP,TP,TP,TP,TP,TP,TP,TP,TP,TP,TP,FN,FN,FN
880,FP,TN,TN,TN,TN,TN,TN,TN,TN,TN,TN,TN,TN,TN,TN,TN,TN,TN,TN,TN,TN,TN,TN,TN,TN,TN
881,FP,FP,TN,TN,TN,TN,TN,TN,TN,TN,TN,TN,TN,TN,TN,TN,TN,TN,TN,TN,TN,TN,TN,TN,TN,TN
882,FP,FP,TN,TN,TN,TN,TN,TN,TN,TN,TN,TN,TN,TN,TN,TN,TN,TN,TN,TN,TN,TN,TN,TN,TN,TN
883,FP,FP,FP,TN,TN,TN,TN,TN,TN,TN,TN,TN,TN,TN,TN,TN,TN,TN,TN,TN,TN,TN,TN,TN,TN,TN
884,TP,TP,TP,TP,TP,TP,TP,TP,TP,TP,FN,FN,FN,FN,FN,FN,FN,FN,FN,FN,FN,FN,FN,FN,FN,FN
885,TP,TP,TP,TP,TP,TP,TP,TP,TP,TP,TP,TP,TP,TP,TP,TP,FN,FN,FN,FN,FN,FN,FN,FN,FN,FN
886,TP,TP,TP,TP,TP,TP,TP,TP,TP,TP,TP,TP,TP,TP,TP,TP,FN,FN,FN,FN,FN,FN,FN,FN,FN,FN
887,FP,FP,TN,TN,TN,TN,TN,TN,TN,TN,TN,TN,TN,TN,TN,TN,TN,TN,TN,TN,TN,TN,TN,TN,TN,TN
888,FP,FP,FP,TN,TN,TN,TN,TN,TN,TN,TN,TN,TN,TN,TN,TN,TN,TN,TN,TN,TN,TN,TN,TN,TN,TN
889,FP,FP,TN,TN,TN,TN,TN,TN,TN,TN,TN,TN,TN,TN,TN,TN,TN,TN,TN,TN,TN,TN,TN,TN,TN,TN
890,FP,FP,FP,TN,TN,TN,TN,TN,TN,TN,TN,TN,TN,TN,TN,TN,TN,TN,TN,TN,TN,TN,TN,TN,TN,TN
891,FP,FP,TN,TN,TN,TN,TN,TN,TN,TN,TN,TN,TN,TN,TN,TN,TN,TN,TN,TN,TN,TN,TN,TN,TN,TN
892,TP,TP,TP,TP,TP,TP,TP,TP,TP,TP,TP,TP,FN,FN,FN,FN,FN,FN,FN,FN,FN,FN,FN,FN,FN,FN
893,FP,FP,FP,TN,TN,TN,TN,TN,TN,TN,TN,TN,TN,TN,TN,TN,TN,TN,TN,TN,TN,TN,TN,TN,TN,TN
894,FP,FP,TN,TN,TN,TN,TN,TN,TN,TN,TN,TN,TN,TN,TN,TN,TN,TN,TN,TN,TN,TN,TN,TN,TN,TN
895,FP,FP,FP,TN,TN,TN,TN,TN,TN,TN,TN,TN,TN,TN,TN,TN,TN,TN,TN,TN,TN,TN,TN,TN,TN,TN
896,FP,FP,FP,TN,TN,TN,TN,TN,TN,TN,TN,TN,TN,TN,TN,TN,TN,TN,TN,TN,TN,TN,TN,TN,TN,TN
897,TP,TP,TP,TP,TP,TP,TP,TP,TP,TP,TP,TP,TP,TP,TP,TP,TP,TP,TP,TP,TP,TP,TP,TP,FN,FN
898,FP,FP,TN,TN,TN,TN,TN,TN,TN,TN,TN,TN,TN,TN,TN,TN,TN,TN,TN,TN,TN,TN,TN,TN,TN,TN
899,FP,FP,TN,TN,TN,TN,TN,TN,TN,TN,TN,TN,TN,TN,TN,TN,TN,TN,TN,TN,TN,TN,TN,TN,TN,TN
900,FP,FP,TN,TN,TN,TN,TN,TN,TN,TN,TN,TN,TN,TN,TN,TN,TN,TN,TN,TN,TN,TN,TN,TN,TN,TN
901,FP,FP,FP,TN,TN,TN,TN,TN,TN,TN,TN,TN,TN,TN,TN,TN,TN,TN,TN,TN,TN,TN,TN,TN,TN,TN
902,FP,FP,FP,TN,TN,TN,TN,TN,TN,TN,TN,TN,TN,TN,TN,TN,TN,TN,TN,TN,TN,TN,TN,TN,TN,TN
903,FP,FP,TN,TN,TN,TN,TN,TN,TN,TN,TN,TN,TN,TN,TN,TN,TN,TN,TN,TN,TN,TN,TN,TN,TN,TN
904,FP,FP,FP,TN,TN,TN,TN,TN,TN,TN,TN,TN,TN,TN,TN,TN,TN,TN,TN,TN,TN,TN,TN,TN,TN,TN
905,FP,FP,FP,TN,TN,TN,TN,TN,TN,TN,TN,TN,TN,TN,TN,TN,TN,TN,TN,TN,TN,TN,TN,TN,TN,TN
906,TP,TP,TP,TP,TP,TP,TP,TP,TP,TP,TP,TP,TP,TP,TP,TP,TP,FN,FN,FN,FN,FN,FN,FN,FN,FN
907,FP,FP,TN,TN,TN,TN,TN,TN,TN,TN,TN,TN,TN,TN,TN,TN,TN,TN,TN,TN,TN,TN,TN,TN,TN,TN
908,FP,FP,FP,TN,TN,TN,TN,TN,TN,TN,TN,TN,TN,TN,TN,TN,TN,TN,TN,TN,TN,TN,TN,TN,TN,TN
909,FP,FP,FP,TN,TN,TN,TN,TN,TN,TN,TN,TN,TN,TN,TN,TN,TN,TN,TN,TN,TN,TN,TN,TN,TN,TN
910,FP,FP,FP,TN,TN,TN,TN,TN,TN,TN,TN,TN,TN,TN,TN,TN,TN,TN,TN,TN,TN,TN,TN,TN,TN,TN
911,FP,FP,FP,TN,TN,TN,TN,TN,TN,TN,TN,TN,TN,TN,TN,TN,TN,TN,TN,TN,TN,TN,TN,TN,TN,TN
912,TP,TP,TP,TP,TP,TP,TP,TP,TP,TP,TP,TP,TP,TP,TP,TP,TP,TP,TP,TP,TP,TP,TP,FN,FN,FN
913,FP,FP,FP,TN,TN,TN,TN,TN,TN,TN,TN,TN,TN,TN,TN,TN,TN,TN,TN,TN,TN,TN,TN,TN,TN,TN
914,FP,FP,FP,TN,TN,TN,TN,TN,TN,TN,TN,TN,TN,TN,TN,TN,TN,TN,TN,TN,TN,TN,TN,TN,TN,TN
915,TP,TP,TP,TP,TP,TP,TP,TP,TP,TP,TP,TP,TP,TP,TP,TP,FN,FN,FN,FN,FN,FN,FN,FN,FN,FN
916,FP,FP,TN,TN,TN,TN,TN,TN,TN,TN,TN,TN,TN,TN,TN,TN,TN,TN,TN,TN,TN,TN,TN,TN,TN,TN
917,TP,TP,TP,TP,FN,FN,FN,FN,FN,FN,FN,FN,FN,FN,FN,FN,FN,FN,FN,FN,FN,FN,FN,FN,FN,FN
918,FP,FP,FP,TN,TN,TN,TN,TN,TN,TN,TN,TN,TN,TN,TN,TN,TN,TN,TN,TN,TN,TN,TN,TN,TN,TN
919,FP,FP,TN,TN,TN,TN,TN,TN,TN,TN,TN,TN,TN,TN,TN,TN,TN,TN,TN,TN,TN,TN,TN,TN,TN,TN
920,TP,TP,TP,TP,TP,TP,TP,TP,TP,TP,TP,TP,TP,TP,TP,TP,TP,TP,TP,TP,TP,TP,TP,TP,TP,FN
921,FP,FP,TN,TN,TN,TN,TN,TN,TN,TN,TN,TN,TN,TN,TN,TN,TN,TN,TN,TN,TN,TN,TN,TN,TN,TN
922,TP,TP,TP,TP,FN,FN,FN,FN,FN,FN,FN,FN,FN,FN,FN,FN,FN,FN,FN,FN,FN,FN,FN,FN,FN,FN
923,FP,FP,TN,TN,TN,TN,TN,TN,TN,TN,TN,TN,TN,TN,TN,TN,TN,TN,TN,TN,TN,TN,TN,TN,TN,TN
924,TP,TP,TP,TP,TP,FN,FN,FN,FN,FN,FN,FN,FN,FN,FN,FN,FN,FN,FN,FN,FN,FN,FN,FN,FN,FN
925,FP,FP,TN,TN,TN,TN,TN,TN,TN,TN,TN,TN,TN,TN,TN,TN,TN,TN,TN,TN,TN,TN,TN,TN,TN,TN
926,TP,TP,TP,TP,TP,TP,TP,TP,TP,TP,TP,TP,TP,TP,TP,TP,TP,TP,TP,TP,FN,FN,FN,FN,FN,FN
927,TP,TP,TP,TP,TP,TP,TP,TP,TP,TP,TP,TP,TP,TP,FN,FN,FN,FN,FN,FN,FN,FN,FN,FN,FN,FN
928,FP,FP,FP,TN,TN,TN,TN,TN,TN,TN,TN,TN,TN,TN,TN,TN,TN,TN,TN,TN,TN,TN,TN,TN,TN,TN
929,FP,FP,TN,TN,TN,TN,TN,TN,TN,TN,TN,TN,TN,TN,TN,TN,TN,TN,TN,TN,TN,TN,TN,TN,TN,TN
930,FP,FP,FP,TN,TN,TN,TN,TN,TN,TN,TN,TN,TN,TN,TN,TN,TN,TN,TN,TN,TN,TN,TN,TN,TN,TN
931,FP,FP,TN,TN,TN,TN,TN,TN,TN,TN,TN,TN,TN,TN,TN,TN,TN,TN,TN,TN,TN,TN,TN,TN,TN,TN
932,FP,FP,FP,TN,TN,TN,TN,TN,TN,TN,TN,TN,TN,TN,TN,TN,TN,TN,TN,TN,TN,TN,TN,TN,TN,TN
933,FP,FP,FP,TN,TN,TN,TN,TN,TN,TN,TN,TN,TN,TN,TN,TN,TN,TN,TN,TN,TN,TN,TN,TN,TN,TN
934,FP,FP,TN,TN,TN,TN,TN,TN,TN,TN,TN,TN,TN,TN,TN,TN,TN,TN,TN,TN,TN,TN,TN,TN,TN,TN
935,FP,FP,FP,TN,TN,TN,TN,TN,TN,TN,TN,TN,TN,TN,TN,TN,TN,TN,TN,TN,TN,TN,TN,TN,TN,TN
936,FP,FP,TN,TN,TN,TN,TN,TN,TN,TN,TN,TN,TN,TN,TN,TN,TN,TN,TN,TN,TN,TN,TN,TN,TN,TN
937,FP,FP,FP,TN,TN,TN,TN,TN,TN,TN,TN,TN,TN,TN,TN,TN,TN,TN,TN,TN,TN,TN,TN,TN,TN,TN
938,FP,FP,FP,TN,TN,TN,TN,TN,TN,TN,TN,TN,TN,TN,TN,TN,TN,TN,TN,TN,TN,TN,TN,TN,TN,TN
939,FP,FP,TN,TN,TN,TN,TN,TN,TN,TN,TN,TN,TN,TN,TN,TN,TN,TN,TN,TN,TN,TN,TN,TN,TN,TN
940,FP,FP,TN,TN,TN,TN,TN,TN,TN,TN,TN,TN,TN,TN,TN,TN,TN,TN,TN,TN,TN,TN,TN,TN,TN,TN
941,FP,FP,TN,TN,TN,TN,TN,TN,TN,TN,TN,TN,TN,TN,TN,TN,TN,TN,TN,TN,TN,TN,TN,TN,TN,TN
942,FP,FP,TN,TN,TN,TN,TN,TN,TN,TN,TN,TN,TN,TN,TN,TN,TN,TN,TN,TN,TN,TN,TN,TN,TN,TN
943,FP,FP,TN,TN,TN,TN,TN,TN,TN,TN,TN,TN,TN,TN,TN,TN,TN,TN,TN,TN,TN,TN,TN,TN,TN,TN
944,FP,FP,FP,TN,TN,TN,TN,TN,TN,TN,TN,TN,TN,TN,TN,TN,TN,TN,TN,TN,TN,TN,TN,TN,TN,TN
945,TP,TP,TP,TP,TP,TP,TP,TP,TP,TP,TP,FN,FN,FN,FN,FN,FN,FN,FN,FN,FN,FN,FN,FN,FN,FN
946,FP,FP,FP,TN,TN,TN,TN,TN,TN,TN,TN,TN,TN,TN,TN,TN,TN,TN,TN,TN,TN,TN,TN,TN,TN,TN
947,TP,TP,TP,TP,TP,TP,FN,FN,FN,FN,FN,FN,FN,FN,FN,FN,FN,FN,FN,FN,FN,FN,FN,FN,FN,FN
948,TP,TP,TP,TP,TP,TP,TP,TP,TP,TP,TP,TP,TP,TP,FN,FN,FN,FN,FN,FN,FN,FN,FN,FN,FN,FN
949,FP,FP,FP,TN,TN,TN,TN,TN,TN,TN,TN,TN,TN,TN,TN,TN,TN,TN,TN,TN,TN,TN,TN,TN,TN,TN
950,FP,FP,TN,TN,TN,TN,TN,TN,TN,TN,TN,TN,TN,TN,TN,TN,TN,TN,TN,TN,TN,TN,TN,TN,TN,TN
951,FP,FP,FP,TN,TN,TN,TN,TN,TN,TN,TN,TN,TN,TN,TN,TN,TN,TN,TN,TN,TN,TN,TN,TN,TN,TN
952,FP,FP,TN,TN,TN,TN,TN,TN,TN,TN,TN,TN,TN,TN,TN,TN,TN,TN,TN,TN,TN,TN,TN,TN,TN,TN
953,FP,FP,TN,TN,TN,TN,TN,TN,TN,TN,TN,TN,TN,TN,TN,TN,TN,TN,TN,TN,TN,TN,TN,TN,TN,TN
954,FP,FP,TN,TN,TN,TN,TN,TN,TN,TN,TN,TN,TN,TN,TN,TN,TN,TN,TN,TN,TN,TN,TN,TN,TN,TN
955,TP,TP,TP,TP,TP,TP,TP,TP,TP,TP,TP,TP,TP,TP,TP,TP,FN,FN,FN,FN,FN,FN,FN,FN,FN,FN
956,FP,FP,TN,TN,TN,TN,TN,TN,TN,TN,TN,TN,TN,TN,TN,TN,TN,TN,TN,TN,TN,TN,TN,TN,TN,TN
957,FP,FP,FP,TN,TN,TN,TN,TN,TN,TN,TN,TN,TN,TN,TN,TN,TN,TN,TN,TN,TN,TN,TN,TN,TN,TN
958,TP,TP,TP,TP,TP,TP,TP,TP,TP,TP,TP,TP,TP,FN,FN,FN,FN,FN,FN,FN,FN,FN,FN,FN,FN,FN
959,FP,FP,FP,TN,TN,TN,TN,TN,TN,TN,TN,TN,TN,TN,TN,TN,TN,TN,TN,TN,TN,TN,TN,TN,TN,TN
960,FP,FP,FP,TN,TN,TN,TN,TN,TN,TN,TN,TN,TN,TN,TN,TN,TN,TN,TN,TN,TN,TN,TN,TN,TN,TN
961,FP,FP,FP,TN,TN,TN,TN,TN,TN,TN,TN,TN,TN,TN,TN,TN,TN,TN,TN,TN,TN,TN,TN,TN,TN,TN
962,FP,FP,FP,TN,TN,TN,TN,TN,TN,TN,TN,TN,TN,TN,TN,TN,TN,TN,TN,TN,TN,TN,TN,TN,TN,TN
963,TP,TP,TP,TP,TP,TP,TP,TP,TP,TP,TP,TP,TP,TP,TP,TP,TP,TP,TP,FN,FN,FN,FN,FN,FN,FN
964,FP,FP,FP,TN,TN,TN,TN,TN,TN,TN,TN,TN,TN,TN,TN,TN,TN,TN,TN,TN,TN,TN,TN,TN,TN,TN
965,FP,FP,FP,TN,TN,TN,TN,TN,TN,TN,TN,TN,TN,TN,TN,TN,TN,TN,TN,TN,TN,TN,TN,TN,TN,TN
966,TP,TP,TP,TP,TP,TP,TP,TP,TP,TP,TP,TP,TP,TP,TP,TP,TP,TP,FN,FN,FN,FN,FN,FN,FN,FN
967,FP,FP,FP,TN,TN,TN,TN,TN,TN,TN,TN,TN,TN,TN,TN,TN,TN,TN,TN,TN,TN,TN,TN,TN,TN,TN
968,FP,FP,FP,TN,TN,TN,TN,TN,TN,TN,TN,TN,TN,TN,TN,TN,TN,TN,TN,TN,TN,TN,TN,TN,TN,TN
969,FP,FP,FP,TN,TN,TN,TN,TN,TN,TN,TN,TN,TN,TN,TN,TN,TN,TN,TN,TN,TN,TN,TN,TN,TN,TN
970,TP,TP,TP,TP,TP,TP,TP,FN,FN,FN,FN,FN,FN,FN,FN,FN,FN,FN,FN,FN,FN,FN,FN,FN,FN,FN
971,FP,FP,TN,TN,TN,TN,TN,TN,TN,TN,TN,TN,TN,TN,TN,TN,TN,TN,TN,TN,TN,TN,TN,TN,TN,TN
972,TP,TP,TP,TP,TP,TP,TP,TP,TP,TP,TP,TP,TP,TP,TP,TP,TP,TP,TP,TP,TP,TP,TP,FN,FN,FN
973,FP,FP,TN,TN,TN,TN,TN,TN,TN,TN,TN,TN,TN,TN,TN,TN,TN,TN,TN,TN,TN,TN,TN,TN,TN,TN
974,FP,FP,TN,TN,TN,TN,TN,TN,TN,TN,TN,TN,TN,TN,TN,TN,TN,TN,TN,TN,TN,TN,TN,TN,TN,TN
975,TP,TP,TP,TP,TP,TP,TP,TP,TP,TP,FN,FN,FN,FN,FN,FN,FN,FN,FN,FN,FN,FN,FN,FN,FN,FN
976,FP,FP,FP,TN,TN,TN,TN,TN,TN,TN,TN,TN,TN,TN,TN,TN,TN,TN,TN,TN,TN,TN,TN,TN,TN,TN
977,FP,FP,TN,TN,TN,TN,TN,TN,TN,TN,TN,TN,TN,TN,TN,TN,TN,TN,TN,TN,TN,TN,TN,TN,TN,TN
978,FP,FP,TN,TN,TN,TN,TN,TN,TN,TN,TN,TN,TN,TN,TN,TN,TN,TN,TN,TN,TN,TN,TN,TN,TN,TN
979,TP,TP,TP,TP,FN,FN,FN,FN,FN,FN,FN,FN,FN,FN,FN,FN,FN,FN,FN,FN,FN,FN,FN,FN,FN,FN
980,FP,FP,TN,TN,TN,TN,TN,TN,TN,TN,TN,TN,TN,TN,TN,TN,TN,TN,TN,TN,TN,TN,TN,TN,TN,TN
981,FP,FP,TN,TN,TN,TN,TN,TN,TN,TN,TN,TN,TN,TN,TN,TN,TN,TN,TN,TN,TN,TN,TN,TN,TN,TN
982,TP,TP,TP,TP,TP,TP,TP,TP,TP,TP,TP,TP,TP,TP,TP,TP,TP,TP,TP,TP,FN,FN,FN,FN,FN,FN
983,FP,FP,TN,TN,TN,TN,TN,TN,TN,TN,TN,TN,TN,TN,TN,TN,TN,TN,TN,TN,TN,TN,TN,TN,TN,TN
984,TP,TP,TP,TP,TP,TP,TP,TP,FN,FN,FN,FN,FN,FN,FN,FN,FN,FN,FN,FN,FN,FN,FN,FN,FN,FN
985,TP,TP,TP,TP,TP,TP,TP,TP,TP,TP,TP,TP,TP,TP,TP,TP,TP,TP,TP,TP,TP,TP,FN,FN,FN,FN
986,FP,FP,TN,TN,TN,TN,TN,TN,TN,TN,TN,TN,TN,TN,TN,TN,TN,TN,TN,TN,TN,TN,TN,TN,TN,TN
987,FP,FP,FP,TN,TN,TN,TN,TN,TN,TN,TN,TN,TN,TN,TN,TN,TN,TN,TN,TN,TN,TN,TN,TN,TN,TN
988,FP,FP,TN,TN,TN,TN,TN,TN,TN,TN,TN,TN,TN,TN,TN,TN,TN,TN,TN,TN,TN,TN,TN,TN,TN,TN
989,FP,FP,TN,TN,TN,TN,TN,TN,TN,TN,TN,TN,TN,TN,TN,TN,TN,TN,TN,TN,TN,TN,TN,TN,TN,TN
990,FP,FP,TN,TN,TN,TN,TN,TN,TN,TN,TN,TN,TN,TN,TN,TN,TN,TN,TN,TN,TN,TN,TN,TN,TN,TN
991,FP,FP,FP,TN,TN,TN,TN,TN,TN,TN,TN,TN,TN,TN,TN,TN,TN,TN,TN,TN,TN,TN,TN,TN,TN,TN
992,FP,FP,TN,TN,TN,TN,TN,TN,TN,TN,TN,TN,TN,TN,TN,TN,TN,TN,TN,TN,TN,TN,TN,TN,TN,TN
993,FP,FP,TN,TN,TN,TN,TN,TN,TN,TN,TN,TN,TN,TN,TN,TN,TN,TN,TN,TN,TN,TN,TN,TN,TN,TN
994,FP,FP,FP,TN,TN,TN,TN,TN,TN,TN,TN,TN,TN,TN,TN,TN,TN,TN,TN,TN,TN,TN,TN,TN,TN,TN
995,TP,TP,TP,TP,TP,TP,TP,TP,FN,FN,FN,FN,FN,FN,FN,FN,FN,FN,FN,FN,FN,FN,FN,FN,FN,FN
996,FP,FP,TN,TN,TN,TN,TN,TN,TN,TN,TN,TN,TN,TN,TN,TN,TN,TN,TN,TN,TN,TN,TN,TN,TN,TN
997,FP,FP,FP,TN,TN,TN,TN,TN,TN,TN,TN,TN,TN,TN,TN,TN,TN,TN,TN,TN,TN,TN,TN,TN,TN,TN
998,TP,TP,TP,TP,TP,TP,TP,TP,TP,TP,TP,TP,TP,TP,TP,TP,TP,TP,TP,TP,TP,TP,TP,FN,FN,FN
999,FP,FP,FP,TN,TN,TN,TN,TN,TN,TN,TN,TN,TN,TN,TN,TN,TN,TN,TN,TN,TN,TN,TN,TN,TN,TN
